Fecha,Hora,Precio_DA,Precio_IDA
2026-01-01,1,108.88,92.192
2026-01-01,2,103.6,88.793
2026-01-01,3,99.293,80.025
2026-01-01,4,88.47,72.0
2026-01-01,5,78.93,27.128
2026-01-01,6,71.42,16.58
2026-01-01,7,71.22,33.183
2026-01-01,8,75.0,35.312
2026-01-01,9,67.92,19.282
2026-01-01,10,61.59,24.532
2026-01-01,11,56.605,65.127
2026-01-01,12,52.802,75.1
2026-01-01,13,54.258,70.235
2026-01-01,14,57.575,65.485
2026-01-01,15,61.402,69.22
2026-01-01,16,64.922,69.01
2026-01-01,17,77.293,68.27
2026-01-01,18,93.763,80.537
2026-01-01,19,101.18,105.98
2026-01-01,20,104.71,107.75
2026-01-01,21,106.78,108.57
2026-01-01,22,106.347,109.237
2026-01-01,23,104.155,104.805
2026-01-01,24,96.68,100.317
2026-01-02,1,80.427,61.71
2026-01-02,2,63.675,30.675
2026-01-02,3,59.11,31.503
2026-01-02,4,56.343,23.378
2026-01-02,5,55.01,20.913
2026-01-02,6,55.367,27.335
2026-01-02,7,61.337,56.85
2026-01-02,8,77.065,71.11
2026-01-02,9,84.862,82.56
2026-01-02,10,89.498,91.55
2026-01-02,11,88.64,87.775
2026-01-02,12,84.635,86.053
2026-01-02,13,80.162,86.188
2026-01-02,14,74.392,77.013
2026-01-02,15,77.915,83.3
2026-01-02,16,85.127,87.695
2026-01-02,17,95.267,93.87
2026-01-02,18,99.83,99.7
2026-01-02,19,103.602,103.617
2026-01-02,20,103.16,103.175
2026-01-02,21,106.612,97.817
2026-01-02,22,107.005,94.455
2026-01-02,23,103.61,91.805
2026-01-02,24,97.785,92.8
2026-01-03,1,80.368,88.095
2026-01-03,2,78.685,88.7
2026-01-03,3,76.862,84.56
2026-01-03,4,75.877,81.153
2026-01-03,5,73.94,80.0
2026-01-03,6,75.267,80.567
2026-01-03,7,76.572,82.745
2026-01-03,8,79.765,83.547
2026-01-03,9,90.69,86.972
2026-01-03,10,94.09,92.625
2026-01-03,11,93.31,92.047
2026-01-03,12,88.707,85.052
2026-01-03,13,87.412,83.847
2026-01-03,14,86.605,87.177
2026-01-03,15,89.828,91.63
2026-01-03,16,95.085,94.963
2026-01-03,17,100.21,99.838
2026-01-03,18,108.09,96.405
2026-01-03,19,103.775,102.0
2026-01-03,20,101.02,111.845
2026-01-03,21,98.028,108.528
2026-01-03,22,91.727,103.317
2026-01-03,23,90.397,101.148
2026-01-03,24,85.953,93.04
2026-01-04,1,87.743,70.33
2026-01-04,2,65.925,79.675
2026-01-04,3,60.11,58.343
2026-01-04,4,57.568,54.535
2026-01-04,5,53.383,52.567
2026-01-04,6,50.43,49.142
2026-01-04,7,54.39,50.7
2026-01-04,8,56.755,47.775
2026-01-04,9,57.785,49.625
2026-01-04,10,55.963,53.3
2026-01-04,11,55.547,54.568
2026-01-04,12,57.98,57.98
2026-01-04,13,58.11,58.11
2026-01-04,14,60.087,58.6
2026-01-04,15,61.242,58.6
2026-01-04,16,61.008,58.6
2026-01-04,17,62.682,63.248
2026-01-04,18,68.093,73.093
2026-01-04,19,80.843,91.07
2026-01-04,20,84.57,66.375
2026-01-04,21,88.18,87.485
2026-01-04,22,97.678,62.6
2026-01-04,23,87.963,96.465
2026-01-04,24,78.763,78.483
2026-01-05,1,88.175,88.23
2026-01-05,2,71.657,87.358
2026-01-05,3,62.987,89.36
2026-01-05,4,61.932,90.115
2026-01-05,5,61.932,89.895
2026-01-05,6,64.207,89.892
2026-01-05,7,77.278,84.167
2026-01-05,8,94.118,94.948
2026-01-05,9,102.86,106.963
2026-01-05,10,107.92,111.675
2026-01-05,11,104.34,99.278
2026-01-05,12,100.52,83.052
2026-01-05,13,97.707,90.035
2026-01-05,14,98.037,88.078
2026-01-05,15,97.98,82.0
2026-01-05,16,97.595,81.907
2026-01-05,17,103.067,86.362
2026-01-05,18,114.9,109.712
2026-01-05,19,123.685,133.49
2026-01-05,20,116.9,121.9
2026-01-05,21,116.722,128.107
2026-01-05,22,113.042,119.097
2026-01-05,23,109.7,110.64
2026-01-05,24,103.237,100.957
2026-01-06,1,100.498,80.633
2026-01-06,2,81.8,73.525
2026-01-06,3,70.54,69.662
2026-01-06,4,68.333,68.727
2026-01-06,5,65.475,66.075
2026-01-06,6,64.272,64.77
2026-01-06,7,64.192,64.565
2026-01-06,8,67.55,68.047
2026-01-06,9,71.343,70.65
2026-01-06,10,65.653,64.2
2026-01-06,11,11.995,12.977
2026-01-06,12,1.655,18.505
2026-01-06,13,1.512,6.512
2026-01-06,14,1.512,6.512
2026-01-06,15,1.51,6.51
2026-01-06,16,2.237,9.11
2026-01-06,17,20.585,48.56
2026-01-06,18,90.203,96.922
2026-01-06,19,111.438,111.657
2026-01-06,20,114.77,118.665
2026-01-06,21,117.903,118.32
2026-01-06,22,112.55,114.965
2026-01-06,23,107.915,110.65
2026-01-06,24,98.322,99.45
2026-01-07,1,95.585,90.565
2026-01-07,2,90.343,87.597
2026-01-07,3,86.517,83.203
2026-01-07,4,82.375,80.115
2026-01-07,5,81.96,79.778
2026-01-07,6,87.828,81.252
2026-01-07,7,95.912,86.53
2026-01-07,8,110.493,100.17
2026-01-07,9,116.505,109.448
2026-01-07,10,112.608,105.463
2026-01-07,11,103.838,98.933
2026-01-07,12,101.46,98.505
2026-01-07,13,96.147,91.075
2026-01-07,14,94.31,84.132
2026-01-07,15,90.573,82.273
2026-01-07,16,97.998,86.127
2026-01-07,17,106.118,101.157
2026-01-07,18,115.457,102.097
2026-01-07,19,134.94,114.442
2026-01-07,20,132.055,112.023
2026-01-07,21,119.845,104.045
2026-01-07,22,109.618,97.775
2026-01-07,23,103.015,93.728
2026-01-07,24,90.325,84.775
2026-01-08,1,84.785,94.52
2026-01-08,2,83.578,91.172
2026-01-08,3,82.18,88.713
2026-01-08,4,79.06,77.25
2026-01-08,5,74.465,60.142
2026-01-08,6,77.977,75.545
2026-01-08,7,81.052,69.832
2026-01-08,8,95.75,82.77
2026-01-08,9,107.36,93.297
2026-01-08,10,95.657,86.44
2026-01-08,11,82.555,77.582
2026-01-08,12,68.843,62.34
2026-01-08,13,65.735,64.05
2026-01-08,14,63.545,56.485
2026-01-08,15,60.082,57.95
2026-01-08,16,63.397,71.74
2026-01-08,17,76.858,82.625
2026-01-08,18,85.85,88.517
2026-01-08,19,97.87,90.315
2026-01-08,20,98.737,95.155
2026-01-08,21,93.632,94.4
2026-01-08,22,86.765,92.695
2026-01-08,23,82.98,92.322
2026-01-08,24,74.345,79.108
2026-01-09,1,61.66,46.483
2026-01-09,2,44.365,38.892
2026-01-09,3,38.248,38.04
2026-01-09,4,25.043,29.567
2026-01-09,5,20.0,24.425
2026-01-09,6,35.745,37.252
2026-01-09,7,49.495,42.78
2026-01-09,8,70.252,83.915
2026-01-09,9,78.612,90.145
2026-01-09,10,68.162,87.215
2026-01-09,11,56.6,72.115
2026-01-09,12,42.567,48.727
2026-01-09,13,26.087,32.855
2026-01-09,14,16.255,32.015
2026-01-09,15,6.5,20.742
2026-01-09,16,14.992,36.907
2026-01-09,17,48.082,54.895
2026-01-09,18,71.28,79.565
2026-01-09,19,85.04,84.965
2026-01-09,20,91.25,84.36
2026-01-09,21,87.6,88.35
2026-01-09,22,84.255,84.56
2026-01-09,23,83.047,82.82
2026-01-09,24,77.218,80.385
2026-01-10,1,75.165,83.472
2026-01-10,2,70.118,78.285
2026-01-10,3,65.22,72.515
2026-01-10,4,59.905,69.195
2026-01-10,5,55.0,62.932
2026-01-10,6,54.273,53.873
2026-01-10,7,62.888,66.102
2026-01-10,8,70.295,74.085
2026-01-10,9,80.465,83.74
2026-01-10,10,83.315,89.752
2026-01-10,11,64.987,76.24
2026-01-10,12,47.142,67.495
2026-01-10,13,28.773,41.3
2026-01-10,14,30.785,44.89
2026-01-10,15,36.832,53.858
2026-01-10,16,48.207,65.782
2026-01-10,17,71.218,70.515
2026-01-10,18,96.135,96.293
2026-01-10,19,118.54,110.31
2026-01-10,20,126.263,99.638
2026-01-10,21,112.255,109.2
2026-01-10,22,101.17,103.07
2026-01-10,23,100.425,102.03
2026-01-10,24,98.198,100.627
2026-01-11,1,96.903,94.013
2026-01-11,2,85.685,88.94
2026-01-11,3,81.56,74.95
2026-01-11,4,82.615,66.112
2026-01-11,5,81.573,68.627
2026-01-11,6,82.237,76.775
2026-01-11,7,81.603,80.562
2026-01-11,8,84.26,86.838
2026-01-11,9,90.625,90.13
2026-01-11,10,83.92,92.587
2026-01-11,11,69.525,81.515
2026-01-11,12,54.017,73.817
2026-01-11,13,50.465,58.778
2026-01-11,14,53.05,65.627
2026-01-11,15,55.102,67.417
2026-01-11,16,58.14,73.188
2026-01-11,17,76.838,82.597
2026-01-11,18,92.638,93.165
2026-01-11,19,103.14,103.625
2026-01-11,20,102.138,91.825
2026-01-11,21,99.023,97.677
2026-01-11,22,96.543,102.045
2026-01-11,23,92.52,97.567
2026-01-11,24,80.972,84.022
2026-01-12,1,77.49,68.06
2026-01-12,2,77.935,76.0
2026-01-12,3,73.013,68.0
2026-01-12,4,63.43,62.53
2026-01-12,5,60.127,61.178
2026-01-12,6,67.888,64.312
2026-01-12,7,82.448,72.0
2026-01-12,8,97.138,93.75
2026-01-12,9,104.595,99.21
2026-01-12,10,101.287,97.295
2026-01-12,11,89.325,86.353
2026-01-12,12,78.745,70.142
2026-01-12,13,76.373,63.265
2026-01-12,14,76.87,67.013
2026-01-12,15,77.333,67.77
2026-01-12,16,76.028,70.67
2026-01-12,17,85.62,82.5
2026-01-12,18,102.847,101.868
2026-01-12,19,116.487,117.255
2026-01-12,20,115.7,107.718
2026-01-12,21,119.64,108.085
2026-01-12,22,118.422,106.738
2026-01-12,23,99.243,103.255
2026-01-12,24,86.31,90.88
2026-01-13,1,83.358,92.835
2026-01-13,2,80.035,88.82
2026-01-13,3,78.468,84.885
2026-01-13,4,75.888,81.058
2026-01-13,5,74.657,77.672
2026-01-13,6,77.045,89.63
2026-01-13,7,86.703,102.425
2026-01-13,8,97.558,102.817
2026-01-13,9,106.578,111.583
2026-01-13,10,101.638,105.662
2026-01-13,11,95.028,98.582
2026-01-13,12,87.3,94.0
2026-01-13,13,80.665,85.665
2026-01-13,14,76.763,80.895
2026-01-13,15,78.545,82.805
2026-01-13,16,87.67,89.5
2026-01-13,17,92.29,91.972
2026-01-13,18,102.755,102.88
2026-01-13,19,114.19,113.998
2026-01-13,20,116.748,113.24
2026-01-13,21,140.647,127.962
2026-01-13,22,135.555,118.332
2026-01-13,23,117.078,97.51
2026-01-13,24,109.322,93.898
2026-01-14,1,102.983,102.79
2026-01-14,2,95.843,102.15
2026-01-14,3,88.877,93.832
2026-01-14,4,88.965,93.15
2026-01-14,5,89.665,95.745
2026-01-14,6,96.477,97.62
2026-01-14,7,100.49,102.255
2026-01-14,8,125.303,114.915
2026-01-14,9,134.44,133.887
2026-01-14,10,136.322,140.96
2026-01-14,11,121.38,121.787
2026-01-14,12,112.865,110.922
2026-01-14,13,108.29,107.68
2026-01-14,14,103.265,103.338
2026-01-14,15,107.198,106.493
2026-01-14,16,111.995,110.96
2026-01-14,17,126.143,121.23
2026-01-14,18,138.045,139.0
2026-01-14,19,166.0,171.0
2026-01-14,20,154.74,160.0
2026-01-14,21,143.855,141.602
2026-01-14,22,125.035,151.725
2026-01-14,23,121.498,151.507
2026-01-14,24,126.7,134.927
2026-01-15,1,119.045,107.06
2026-01-15,2,107.558,101.107
2026-01-15,3,101.388,92.54
2026-01-15,4,94.828,90.69
2026-01-15,5,87.035,88.035
2026-01-15,6,86.312,87.877
2026-01-15,7,98.898,98.922
2026-01-15,8,112.552,110.748
2026-01-15,9,114.695,116.74
2026-01-15,10,105.475,107.322
2026-01-15,11,98.585,99.425
2026-01-15,12,94.892,93.213
2026-01-15,13,92.2,89.905
2026-01-15,14,86.668,87.168
2026-01-15,15,89.825,92.55
2026-01-15,16,94.51,95.017
2026-01-15,17,105.03,105.23
2026-01-15,18,113.142,118.165
2026-01-15,19,116.657,120.5
2026-01-15,20,120.722,132.615
2026-01-15,21,133.07,144.88
2026-01-15,22,138.2,148.91
2026-01-15,23,128.642,133.493
2026-01-15,24,113.8,111.785
2026-01-16,1,100.92,113.668
2026-01-16,2,95.04,109.775
2026-01-16,3,94.752,105.945
2026-01-16,4,94.947,106.657
2026-01-16,5,94.752,103.65
2026-01-16,6,95.42,103.987
2026-01-16,7,103.025,106.6
2026-01-16,8,121.875,126.465
2026-01-16,9,133.595,158.375
2026-01-16,10,130.278,157.455
2026-01-16,11,118.32,121.125
2026-01-16,12,111.3,113.02
2026-01-16,13,109.84,105.305
2026-01-16,14,108.157,103.57
2026-01-16,15,116.072,109.69
2026-01-16,16,124.377,117.29
2026-01-16,17,127.635,126.692
2026-01-16,18,147.463,148.855
2026-01-16,19,156.885,157.153
2026-01-16,20,152.788,152.632
2026-01-16,21,137.01,147.257
2026-01-16,22,132.017,158.673
2026-01-16,23,126.745,152.472
2026-01-16,24,122.558,132.032
2026-01-17,1,135.59,114.455
2026-01-17,2,126.8,111.405
2026-01-17,3,122.905,112.755
2026-01-17,4,119.838,108.317
2026-01-17,5,119.14,105.972
2026-01-17,6,118.838,105.97
2026-01-17,7,120.352,106.305
2026-01-17,8,123.115,106.332
2026-01-17,9,126.815,111.392
2026-01-17,10,121.977,117.005
2026-01-17,11,118.257,115.0
2026-01-17,12,117.99,113.85
2026-01-17,13,116.698,114.0
2026-01-17,14,112.065,110.97
2026-01-17,15,115.815,115.115
2026-01-17,16,120.27,119.8
2026-01-17,17,124.358,122.683
2026-01-17,18,135.977,135.715
2026-01-17,19,142.848,139.463
2026-01-17,20,140.91,123.95
2026-01-17,21,155.225,133.645
2026-01-17,22,154.7,123.95
2026-01-17,23,130.105,129.67
2026-01-17,24,133.085,129.852
2026-01-18,1,132.123,112.273
2026-01-18,2,120.02,106.5
2026-01-18,3,109.64,104.355
2026-01-18,4,102.54,106.255
2026-01-18,5,102.235,107.95
2026-01-18,6,102.08,109.37
2026-01-18,7,101.185,110.5
2026-01-18,8,101.63,110.035
2026-01-18,9,106.323,111.453
2026-01-18,10,107.463,112.3
2026-01-18,11,101.91,109.25
2026-01-18,12,98.868,104.093
2026-01-18,13,96.855,101.49
2026-01-18,14,96.963,101.0
2026-01-18,15,100.998,105.583
2026-01-18,16,104.847,110.46
2026-01-18,17,111.14,110.623
2026-01-18,18,131.135,135.135
2026-01-18,19,145.19,151.233
2026-01-18,20,152.428,151.952
2026-01-18,21,177.282,180.285
2026-01-18,22,166.468,163.218
2026-01-18,23,142.68,139.58
2026-01-18,24,129.34,130.615
2026-01-19,1,119.35,103.3
2026-01-19,2,110.013,103.16
2026-01-19,3,102.208,100.78
2026-01-19,4,100.438,100.03
2026-01-19,5,100.135,99.862
2026-01-19,6,102.935,101.157
2026-01-19,7,126.968,113.935
2026-01-19,8,139.963,108.75
2026-01-19,9,173.69,154.757
2026-01-19,10,151.067,118.907
2026-01-19,11,132.29,107.115
2026-01-19,12,121.905,97.877
2026-01-19,13,119.235,98.297
2026-01-19,14,118.985,97.407
2026-01-19,15,111.962,93.47
2026-01-19,16,115.45,96.843
2026-01-19,17,123.08,107.93
2026-01-19,18,138.92,126.045
2026-01-19,19,183.145,180.81
2026-01-19,20,181.57,179.602
2026-01-19,21,149.615,149.45
2026-01-19,22,135.343,136.882
2026-01-19,23,126.582,128.1
2026-01-19,24,112.62,116.325
2026-01-20,1,103.8,101.632
2026-01-20,2,98.127,94.377
2026-01-20,3,90.312,85.4
2026-01-20,4,86.27,81.01
2026-01-20,5,83.828,79.368
2026-01-20,6,87.52,86.52
2026-01-20,7,96.935,93.373
2026-01-20,8,109.99,96.565
2026-01-20,9,123.855,99.75
2026-01-20,10,118.192,102.858
2026-01-20,11,98.213,85.567
2026-01-20,12,94.54,83.032
2026-01-20,13,93.56,84.267
2026-01-20,14,86.145,83.653
2026-01-20,15,86.045,83.375
2026-01-20,16,86.985,83.722
2026-01-20,17,92.123,86.12
2026-01-20,18,108.99,104.403
2026-01-20,19,125.1,111.15
2026-01-20,20,127.252,107.455
2026-01-20,21,127.01,100.4
2026-01-20,22,120.825,100.0
2026-01-20,23,108.328,102.578
2026-01-20,24,97.24,88.21
2026-01-21,1,87.26,82.582
2026-01-21,2,79.595,80.15
2026-01-21,3,73.662,73.77
2026-01-21,4,65.868,65.22
2026-01-21,5,64.625,64.405
2026-01-21,6,69.648,68.0
2026-01-21,7,84.528,75.145
2026-01-21,8,92.108,75.57
2026-01-21,9,97.0,79.285
2026-01-21,10,94.377,89.377
2026-01-21,11,88.655,79.022
2026-01-21,12,80.885,69.01
2026-01-21,13,70.608,63.3
2026-01-21,14,69.517,64.495
2026-01-21,15,74.877,71.165
2026-01-21,16,80.765,76.427
2026-01-21,17,81.0,74.28
2026-01-21,18,81.895,81.45
2026-01-21,19,80.903,86.935
2026-01-21,20,92.608,95.985
2026-01-21,21,99.215,100.28
2026-01-21,22,95.322,93.562
2026-01-21,23,93.123,89.852
2026-01-21,24,79.022,79.273
2026-01-22,1,41.058,35.218
2026-01-22,2,33.72,37.525
2026-01-22,3,44.395,18.2
2026-01-22,4,34.367,2.35
2026-01-22,5,30.638,1.038
2026-01-22,6,43.43,16.023
2026-01-22,7,48.138,14.947
2026-01-22,8,56.228,49.328
2026-01-22,9,75.595,46.47
2026-01-22,10,82.32,46.985
2026-01-22,11,74.062,0.0
2026-01-22,12,56.703,0.988
2026-01-22,13,53.308,7.245
2026-01-22,14,53.34,1.863
2026-01-22,15,55.062,8.578
2026-01-22,16,63.992,1.723
2026-01-22,17,68.797,-0.25
2026-01-22,18,78.547,36.065
2026-01-22,19,80.74,49.83
2026-01-22,20,81.825,46.312
2026-01-22,21,80.975,43.825
2026-01-22,22,77.93,46.16
2026-01-22,23,65.83,38.56
2026-01-22,24,55.062,28.608
2026-01-23,1,31.492,17.928
2026-01-23,2,23.742,7.82
2026-01-23,3,20.572,18.262
2026-01-23,4,15.91,19.663
2026-01-23,5,15.89,21.683
2026-01-23,6,24.907,35.858
2026-01-23,7,35.475,46.858
2026-01-23,8,58.29,81.942
2026-01-23,9,56.832,93.582
2026-01-23,10,31.815,56.227
2026-01-23,11,6.605,29.258
2026-01-23,12,1.062,11.883
2026-01-23,13,0.913,1.1
2026-01-23,14,0.92,0.713
2026-01-23,15,2.015,4.412
2026-01-23,16,4.245,27.155
2026-01-23,17,14.47,41.413
2026-01-23,18,43.938,48.947
2026-01-23,19,80.642,70.877
2026-01-23,20,101.0,96.0
2026-01-23,21,107.095,92.33
2026-01-23,22,100.248,53.085
2026-01-23,23,81.832,45.312
2026-01-23,24,61.61,42.425
2026-01-24,1,42.938,72.578
2026-01-24,2,30.142,57.517
2026-01-24,3,23.933,43.913
2026-01-24,4,19.18,33.28
2026-01-24,5,15.5,32.74
2026-01-24,6,10.525,32.26
2026-01-24,7,9.255,32.56
2026-01-24,8,21.497,32.62
2026-01-24,9,34.33,36.27
2026-01-24,10,37.955,39.295
2026-01-24,11,27.835,14.192
2026-01-24,12,13.627,1.587
2026-01-24,13,3.902,-1.097
2026-01-24,14,3.78,-1.22
2026-01-24,15,3.69,-1.31
2026-01-24,16,3.23,-1.465
2026-01-24,17,5.64,3.375
2026-01-24,18,23.56,24.135
2026-01-24,19,27.0,29.453
2026-01-24,20,30.023,38.745
2026-01-24,21,35.273,46.157
2026-01-24,22,36.425,44.163
2026-01-24,23,24.812,26.885
2026-01-24,24,20.925,17.675
2026-01-25,1,21.527,-11.438
2026-01-25,2,16.032,-17.89
2026-01-25,3,5.46,-18.875
2026-01-25,4,3.78,-16.335
2026-01-25,5,3.78,-11.002
2026-01-25,6,3.78,-11.843
2026-01-25,7,3.78,-10.397
2026-01-25,8,3.78,-10.845
2026-01-25,9,3.962,-4.975
2026-01-25,10,3.78,-0.022
2026-01-25,11,1.448,0.47
2026-01-25,12,0.32,0.15
2026-01-25,13,0.035,-0.2
2026-01-25,14,0.0,-0.425
2026-01-25,15,0.0,-0.475
2026-01-25,16,0.003,-0.528
2026-01-25,17,0.57,-0.448
2026-01-25,18,3.532,-3.018
2026-01-25,19,28.915,0.82
2026-01-25,20,35.752,17.255
2026-01-25,21,36.443,36.443
2026-01-25,22,37.352,36.678
2026-01-25,23,34.492,9.147
2026-01-25,24,21.56,-0.61
2026-01-26,1,4.085,3.085
2026-01-26,2,3.132,1.665
2026-01-26,3,1.922,1.367
2026-01-26,4,3.78,2.78
2026-01-26,5,3.78,0.568
2026-01-26,6,5.587,2.95
2026-01-26,7,6.65,2.4
2026-01-26,8,24.3,-0.003
2026-01-26,9,31.775,-4.688
2026-01-26,10,61.013,-0.003
2026-01-26,11,54.095,-1.368
2026-01-26,12,48.75,9.2
2026-01-26,13,32.328,16.325
2026-01-26,14,29.91,24.623
2026-01-26,15,30.457,23.767
2026-01-26,16,35.025,23.207
2026-01-26,17,43.615,24.86
2026-01-26,18,39.663,20.245
2026-01-26,19,53.407,39.407
2026-01-26,20,78.053,57.597
2026-01-26,21,88.713,50.0
2026-01-26,22,78.472,49.635
2026-01-26,23,35.848,21.135
2026-01-26,24,24.74,3.8
2026-01-27,1,18.46,11.89
2026-01-27,2,5.12,2.935
2026-01-27,3,3.78,0.82
2026-01-27,4,3.78,1.992
2026-01-27,5,3.78,2.622
2026-01-27,6,3.78,0.495
2026-01-27,7,4.842,4.717
2026-01-27,8,17.625,8.242
2026-01-27,9,32.765,34.612
2026-01-27,10,33.135,59.953
2026-01-27,11,26.633,49.715
2026-01-27,12,26.883,29.133
2026-01-27,13,26.343,21.428
2026-01-27,14,22.72,13.633
2026-01-27,15,20.23,11.1
2026-01-27,16,13.713,7.158
2026-01-27,17,23.84,16.218
2026-01-27,18,46.505,36.763
2026-01-27,19,55.77,50.77
2026-01-27,20,85.343,83.858
2026-01-27,21,95.915,95.58
2026-01-27,22,69.633,74.633
2026-01-27,23,37.438,36.053
2026-01-27,24,13.59,13.215
2026-01-28,1,3.78,4.178
2026-01-28,2,3.735,3.78
2026-01-28,3,2.165,2.107
2026-01-28,4,1.98,1.98
2026-01-28,5,2.633,2.93
2026-01-28,6,3.527,4.938
2026-01-28,7,11.848,14.24
2026-01-28,8,32.233,32.405
2026-01-28,9,57.935,57.957
2026-01-28,10,78.14,24.415
2026-01-28,11,46.68,13.838
2026-01-28,12,22.413,22.485
2026-01-28,13,12.775,16.468
2026-01-28,14,8.09,8.373
2026-01-28,15,3.78,3.93
2026-01-28,16,3.78,4.777
2026-01-28,17,7.46,10.245
2026-01-28,18,23.223,24.973
2026-01-28,19,48.858,53.108
2026-01-28,20,75.963,73.46
2026-01-28,21,86.275,84.772
2026-01-28,22,73.602,63.752
2026-01-28,23,34.29,27.518
2026-01-28,24,13.912,5.333
2026-01-29,1,24.343,0.36
2026-01-29,2,18.157,0.0
2026-01-29,3,9.03,-1.373
2026-01-29,4,4.01,-2.875
2026-01-29,5,3.252,-15.4
2026-01-29,6,3.0,-4.85
2026-01-29,7,1.712,-1.25
2026-01-29,8,2.743,0.748
2026-01-29,9,13.255,2.0
2026-01-29,10,27.245,22.6
2026-01-29,11,28.57,26.8
2026-01-29,12,26.817,24.672
2026-01-29,13,23.335,27.59
2026-01-29,14,22.973,27.227
2026-01-29,15,20.707,21.323
2026-01-29,16,18.5,22.358
2026-01-29,17,18.997,23.282
2026-01-29,18,27.475,12.62
2026-01-29,19,29.918,10.22
2026-01-29,20,31.5,10.22
2026-01-29,21,35.02,24.845
2026-01-29,22,34.712,22.69
2026-01-29,23,27.322,19.177
2026-01-29,24,11.07,8.585
2026-01-30,1,2.05,-5.348
2026-01-30,2,0.932,-5.12
2026-01-30,3,0.84,-5.03
2026-01-30,4,0.725,-5.09
2026-01-30,5,0.507,-5.78
2026-01-30,6,0.275,-6.0
2026-01-30,7,0.307,-6.75
2026-01-30,8,0.718,-6.75
2026-01-30,9,0.873,-5.12
2026-01-30,10,1.17,-7.447
2026-01-30,11,4.095,-14.58
2026-01-30,12,3.532,-9.815
2026-01-30,13,2.248,-8.4
2026-01-30,14,1.455,-7.33
2026-01-30,15,0.978,-5.527
2026-01-30,16,1.75,-4.577
2026-01-30,17,2.335,-2.78
2026-01-30,18,1.085,-2.237
2026-01-30,19,1.96,0.635
2026-01-30,20,18.762,17.762
2026-01-30,21,21.78,20.78
2026-01-30,22,20.83,8.008
2026-01-30,23,15.662,-0.18
2026-01-30,24,3.615,-5.88
2026-01-31,1,0.007,-8.828
2026-01-31,2,-0.007,-12.995
2026-01-31,3,-0.005,-13.44
2026-01-31,4,-0.018,-13.44
2026-01-31,5,-0.028,-13.44
2026-01-31,6,-0.42,-11.56
2026-01-31,7,-0.193,-12.113
2026-01-31,8,-0.003,-15.85
2026-01-31,9,0.0,-12.443
2026-01-31,10,-0.112,-8.273
2026-01-31,11,-0.352,-7.822
2026-01-31,12,-0.44,-10.35
2026-01-31,13,-0.422,-11.23
2026-01-31,14,-0.203,-10.492
2026-01-31,15,-0.18,-10.47
2026-01-31,16,-0.165,-10.81
2026-01-31,17,-0.037,-10.8
2026-01-31,18,0.435,-10.7
2026-01-31,19,9.04,-13.23
2026-01-31,20,29.17,-18.125
2026-01-31,21,35.0,-25.37
2026-01-31,22,32.21,-20.718
2026-01-31,23,21.45,-7.423
2026-01-31,24,6.908,-19.085
2026-02-01,1,2.615,-2.828
2026-02-01,2,1.133,-0.01
2026-02-01,3,0.59,-0.01
2026-02-01,4,0.14,-0.007
2026-02-01,5,0.09,-0.113
2026-02-01,6,0.09,-0.01
2026-02-01,7,0.15,-0.01
2026-02-01,8,0.305,-0.45
2026-02-01,9,0.537,-2.627
2026-02-01,10,0.993,-0.01
2026-02-01,11,1.325,-0.01
2026-02-01,12,1.785,-0.01
2026-02-01,13,1.805,-0.01
2026-02-01,14,2.045,-0.45
2026-02-01,15,2.045,-1.33
2026-02-01,16,1.75,-0.01
2026-02-01,17,1.55,-1.81
2026-02-01,18,1.1,-2.835
2026-02-01,19,0.412,-1.77
2026-02-01,20,1.15,-1.802
2026-02-01,21,1.3,-3.275
2026-02-01,22,1.225,-0.432
2026-02-01,23,0.718,-0.01
2026-02-01,24,0.062,-0.477
2026-02-02,1,-0.073,-0.055
2026-02-02,2,-0.16,-0.125
2026-02-02,3,-0.228,-0.2
2026-02-02,4,-0.5,-2.0
2026-02-02,5,-0.5,-5.0
2026-02-02,6,-0.5,-5.625
2026-02-02,7,-0.5,-0.175
2026-02-02,8,-0.165,-0.15
2026-02-02,9,-0.005,-0.01
2026-02-02,10,0.06,-0.005
2026-02-02,11,0.22,-0.137
2026-02-02,12,0.062,-0.607
2026-02-02,13,0.075,0.005
2026-02-02,14,0.025,-1.262
2026-02-02,15,0.01,-2.1
2026-02-02,16,0.015,-0.125
2026-02-02,17,0.877,-0.815
2026-02-02,18,0.395,-2.982
2026-02-02,19,5.152,-0.78
2026-02-02,20,15.703,-0.01
2026-02-02,21,28.965,-4.368
2026-02-02,22,28.965,-17.44
2026-02-02,23,22.367,-17.44
2026-02-02,24,6.66,-8.325
2026-02-03,1,0.043,1.89
2026-02-03,2,0.0,2.435
2026-02-03,3,0.0,1.462
2026-02-03,4,0.0,1.85
2026-02-03,5,0.0,0.0
2026-02-03,6,0.0,0.0
2026-02-03,7,-0.1,-0.1
2026-02-03,8,0.0,0.0
2026-02-03,9,0.04,0.04
2026-02-03,10,4.265,0.0
2026-02-03,11,5.197,-0.2
2026-02-03,12,0.94,0.228
2026-02-03,13,0.91,0.645
2026-02-03,14,0.91,0.537
2026-02-03,15,0.785,0.142
2026-02-03,16,0.983,0.455
2026-02-03,17,3.667,0.007
2026-02-03,18,11.943,0.0
2026-02-03,19,13.318,0.0
2026-02-03,20,65.558,14.16
2026-02-03,21,108.647,16.66
2026-02-03,22,36.77,7.085
2026-02-03,23,3.167,0.43
2026-02-03,24,0.192,0.192
2026-02-04,1,8.025,0.8
2026-02-04,2,1.452,0.0
2026-02-04,3,0.05,-0.003
2026-02-04,4,0.0,-0.01
2026-02-04,5,0.0,-0.01
2026-02-04,6,-0.05,-0.06
2026-02-04,7,0.0,-1.258
2026-02-04,8,0.022,-1.505
2026-02-04,9,2.582,0.0
2026-02-04,10,10.73,0.225
2026-02-04,11,9.953,-0.938
2026-02-04,12,5.938,-1.575
2026-02-04,13,3.78,-0.985
2026-02-04,14,3.78,0.0
2026-02-04,15,3.78,0.0
2026-02-04,16,3.78,0.0
2026-02-04,17,5.343,0.995
2026-02-04,18,10.547,-1.692
2026-02-04,19,13.223,0.0
2026-02-04,20,33.068,0.0
2026-02-04,21,38.36,0.0
2026-02-04,22,24.185,0.0
2026-02-04,23,11.31,0.0
2026-02-04,24,6.985,0.0
2026-02-05,1,2.163,2.118
2026-02-05,2,0.025,0.375
2026-02-05,3,0.0,0.003
2026-02-05,4,-0.075,0.0
2026-02-05,5,-0.1,0.0
2026-02-05,6,-0.1,0.0
2026-02-05,7,-0.1,0.0
2026-02-05,8,-0.013,-0.007
2026-02-05,9,0.593,0.59
2026-02-05,10,2.438,2.263
2026-02-05,11,2.212,-0.5
2026-02-05,12,0.243,0.26
2026-02-05,13,0.0,-0.573
2026-02-05,14,-0.003,-0.375
2026-02-05,15,-0.043,-0.118
2026-02-05,16,-0.1,-0.1
2026-02-05,17,-0.015,-0.018
2026-02-05,18,0.338,-0.225
2026-02-05,19,1.405,-0.703
2026-02-05,20,9.067,0.0
2026-02-05,21,11.793,0.0
2026-02-05,22,11.695,0.0
2026-02-05,23,6.16,-0.247
2026-02-05,24,0.748,-2.107
2026-02-06,1,0.005,0.05
2026-02-06,2,-0.015,-0.01
2026-02-06,3,-0.122,-0.003
2026-02-06,4,-0.15,0.0
2026-02-06,5,-0.138,0.0
2026-02-06,6,-0.06,-0.003
2026-02-06,7,0.03,-0.005
2026-02-06,8,1.688,-2.5
2026-02-06,9,15.218,-4.25
2026-02-06,10,11.367,-3.525
2026-02-06,11,0.388,-1.002
2026-02-06,12,0.003,-1.502
2026-02-06,13,0.0,-2.1
2026-02-06,14,-0.005,-0.36
2026-02-06,15,-0.01,-0.01
2026-02-06,16,-0.005,-0.005
2026-02-06,17,0.003,-0.208
2026-02-06,18,1.887,1.505
2026-02-06,19,5.228,0.8
2026-02-06,20,20.793,0.0
2026-02-06,21,29.94,0.0
2026-02-06,22,28.755,0.0
2026-02-06,23,8.155,0.0
2026-02-06,24,2.407,0.875
2026-02-07,1,0.285,0.352
2026-02-07,2,0.0,0.003
2026-02-07,3,-0.05,0.0
2026-02-07,4,-0.135,0.0
2026-02-07,5,-0.163,0.0
2026-02-07,6,-0.17,0.0
2026-02-07,7,-0.113,0.0
2026-02-07,8,-0.003,0.0
2026-02-07,9,0.0,0.003
2026-02-07,10,-0.003,0.01
2026-02-07,11,-0.043,0.0
2026-02-07,12,-0.103,0.0
2026-02-07,13,-0.05,0.0
2026-02-07,14,0.0,0.0
2026-02-07,15,0.005,0.0
2026-02-07,16,0.167,-2.34
2026-02-07,17,0.59,-4.41
2026-02-07,18,0.165,-4.835
2026-02-07,19,0.435,-4.565
2026-02-07,20,1.55,-3.45
2026-02-07,21,3.087,-1.912
2026-02-07,22,3.81,-1.19
2026-02-07,23,2.243,-2.757
2026-02-07,24,1.435,-4.1
2026-02-08,1,0.003,0.005
2026-02-08,2,0.0,0.0
2026-02-08,3,-0.05,0.0
2026-02-08,4,-0.103,0.0
2026-02-08,5,-0.1,0.0
2026-02-08,6,-0.075,0.0
2026-02-08,7,-0.013,0.0
2026-02-08,8,0.003,-0.25
2026-02-08,9,0.003,0.0
2026-02-08,10,-0.163,0.0
2026-02-08,11,-0.152,-0.105
2026-02-08,12,-0.15,0.0
2026-02-08,13,-0.135,-0.683
2026-02-08,14,-0.117,-0.81
2026-02-08,15,-0.145,-0.353
2026-02-08,16,-0.15,-0.81
2026-02-08,17,-0.135,-0.708
2026-02-08,18,-0.04,-0.1
2026-02-08,19,1.97,1.683
2026-02-08,20,4.19,4.19
2026-02-08,21,4.19,4.19
2026-02-08,22,4.258,4.258
2026-02-08,23,4.19,4.143
2026-02-08,24,1.91,-4.275
2026-02-09,1,0.475,-1.005
2026-02-09,2,0.003,-3.348
2026-02-09,3,-0.003,-4.755
2026-02-09,4,-0.022,-3.257
2026-02-09,5,-0.017,-5.375
2026-02-09,6,0.0,-5.527
2026-02-09,7,0.018,-1.495
2026-02-09,8,0.833,-0.815
2026-02-09,9,5.085,5.085
2026-02-09,10,19.84,6.565
2026-02-09,11,12.318,-3.475
2026-02-09,12,3.22,-0.863
2026-02-09,13,0.713,0.713
2026-02-09,14,0.095,0.088
2026-02-09,15,0.022,-0.03
2026-02-09,16,0.08,0.065
2026-02-09,17,0.965,0.927
2026-02-09,18,3.348,-1.387
2026-02-09,19,2.395,1.688
2026-02-09,20,4.84,4.84
2026-02-09,21,10.36,10.36
2026-02-09,22,8.445,8.445
2026-02-09,23,3.79,-2.415
2026-02-09,24,1.087,-3.347
2026-02-10,1,0.573,-0.128
2026-02-10,2,0.045,-0.01
2026-02-10,3,0.0,-0.007
2026-02-10,4,0.0,0.0
2026-02-10,5,0.0,0.0
2026-02-10,6,0.0,0.0
2026-02-10,7,0.01,-0.133
2026-02-10,8,0.49,-0.005
2026-02-10,9,1.002,-0.007
2026-02-10,10,2.458,0.568
2026-02-10,11,2.438,2.45
2026-02-10,12,0.807,0.812
2026-02-10,13,0.307,0.268
2026-02-10,14,0.072,0.0
2026-02-10,15,0.018,0.0
2026-02-10,16,0.068,-0.003
2026-02-10,17,0.5,0.147
2026-02-10,18,2.032,1.09
2026-02-10,19,2.042,-2.958
2026-02-10,20,5.603,0.602
2026-02-10,21,11.545,6.423
2026-02-10,22,10.06,2.442
2026-02-10,23,2.6,0.657
2026-02-10,24,0.948,0.038
2026-02-11,1,0.005,0.01
2026-02-11,2,-0.003,0.0
2026-02-11,3,-0.34,-0.125
2026-02-11,4,-0.42,-0.003
2026-02-11,5,-0.42,-0.005
2026-02-11,6,-0.318,0.0
2026-02-11,7,0.0,0.01
2026-02-11,8,0.015,0.028
2026-02-11,9,0.205,0.788
2026-02-11,10,0.885,1.025
2026-02-11,11,0.902,3.33
2026-02-11,12,0.278,1.985
2026-02-11,13,0.01,0.04
2026-02-11,14,0.0,1.98
2026-02-11,15,0.015,1.502
2026-02-11,16,0.333,1.98
2026-02-11,17,0.835,0.948
2026-02-11,18,0.62,0.62
2026-02-11,19,0.255,0.255
2026-02-11,20,0.68,0.682
2026-02-11,21,2.343,2.353
2026-02-11,22,1.57,1.575
2026-02-11,23,0.615,0.615
2026-02-11,24,0.113,0.113
2026-02-12,1,0.005,0.27
2026-02-12,2,-0.003,0.0
2026-02-12,3,-0.237,-2.83
2026-02-12,4,-0.42,0.0
2026-02-12,5,-0.42,-11.795
2026-02-12,6,-0.217,-10.565
2026-02-12,7,0.003,-0.245
2026-02-12,8,1.458,-0.67
2026-02-12,9,2.97,2.585
2026-02-12,10,0.453,0.897
2026-02-12,11,0.01,-0.003
2026-02-12,12,0.0,-0.5
2026-02-12,13,0.0,-0.81
2026-02-12,14,0.0,-2.01
2026-02-12,15,0.0,-0.81
2026-02-12,16,0.0,-0.062
2026-02-12,17,0.01,-0.32
2026-02-12,18,0.573,0.738
2026-02-12,19,10.812,4.435
2026-02-12,20,32.617,-13.008
2026-02-12,21,35.002,5.25
2026-02-12,22,29.15,0.492
2026-02-12,23,18.508,2.287
2026-02-12,24,7.945,5.5
2026-02-13,1,2.712,3.702
2026-02-13,2,0.94,3.54
2026-02-13,3,0.155,2.042
2026-02-13,4,0.073,0.565
2026-02-13,5,0.033,0.42
2026-02-13,6,0.022,0.12
2026-02-13,7,0.025,0.103
2026-02-13,8,0.052,0.113
2026-02-13,9,0.217,1.76
2026-02-13,10,1.82,4.645
2026-02-13,11,1.143,2.342
2026-02-13,12,0.082,1.22
2026-02-13,13,0.0,0.508
2026-02-13,14,0.0,0.113
2026-02-13,15,-0.003,0.015
2026-02-13,16,-0.02,0.0
2026-02-13,17,-0.015,0.168
2026-02-13,18,0.007,0.748
2026-02-13,19,0.188,0.36
2026-02-13,20,1.518,1.552
2026-02-13,21,9.785,7.697
2026-02-13,22,5.638,5.287
2026-02-13,23,1.11,1.12
2026-02-13,24,0.1,0.435
2026-02-14,1,0.037,0.18
2026-02-14,2,0.0,0.003
2026-02-14,3,-0.03,0.0
2026-02-14,4,-0.277,-0.02
2026-02-14,5,-0.42,-0.02
2026-02-14,6,-0.42,0.0
2026-02-14,7,-0.17,-0.01
2026-02-14,8,-0.043,0.0
2026-02-14,9,-0.028,0.0
2026-02-14,10,-0.732,-0.01
2026-02-14,11,-2.178,0.0
2026-02-14,12,-3.4,0.0
2026-02-14,13,-4.0,-1.025
2026-02-14,14,-4.0,-2.0
2026-02-14,15,-4.0,-2.0
2026-02-14,16,-3.5,-7.0
2026-02-14,17,-1.663,-1.25
2026-02-14,18,-0.82,-0.218
2026-02-14,19,1.08,0.637
2026-02-14,20,14.62,2.9
2026-02-14,21,22.0,2.25
2026-02-14,22,21.75,2.075
2026-02-14,23,13.07,2.275
2026-02-14,24,4.348,1.84
2026-02-15,1,4.832,5.607
2026-02-15,2,1.638,1.76
2026-02-15,3,0.235,1.397
2026-02-15,4,0.005,0.49
2026-02-15,5,0.0,0.41
2026-02-15,6,0.0,0.45
2026-02-15,7,0.01,0.45
2026-02-15,8,0.062,0.595
2026-02-15,9,0.0,0.492
2026-02-15,10,-0.63,-0.443
2026-02-15,11,-1.188,-0.743
2026-02-15,12,-1.6,0.0
2026-02-15,13,-1.6,-2.013
2026-02-15,14,-1.825,-2.1
2026-02-15,15,-2.203,-2.1
2026-02-15,16,-2.407,-2.18
2026-02-15,17,-1.7,-1.133
2026-02-15,18,-0.468,-0.305
2026-02-15,19,0.128,-5.03
2026-02-15,20,3.4,0.147
2026-02-15,21,9.445,0.335
2026-02-15,22,9.245,0.08
2026-02-15,23,6.065,0.08
2026-02-15,24,0.347,-1.01
2026-02-16,1,0.007,0.47
2026-02-16,2,0.0,-0.145
2026-02-16,3,-0.007,0.0
2026-02-16,4,-0.015,0.0
2026-02-16,5,-0.033,-0.01
2026-02-16,6,-0.007,-2.205
2026-02-16,7,0.0,0.307
2026-02-16,8,0.033,1.157
2026-02-16,9,0.103,1.605
2026-02-16,10,0.335,1.995
2026-02-16,11,0.1,1.745
2026-02-16,12,0.0,0.81
2026-02-16,13,-0.003,0.0
2026-02-16,14,-0.005,0.003
2026-02-16,15,-0.003,0.003
2026-02-16,16,0.0,-0.945
2026-02-16,17,0.003,0.455
2026-02-16,18,1.482,1.92
2026-02-16,19,6.685,-0.22
2026-02-16,20,24.352,0.255
2026-02-16,21,24.745,9.605
2026-02-16,22,13.838,4.197
2026-02-16,23,10.16,5.36
2026-02-16,24,2.175,3.265
2026-02-17,1,4.088,0.907
2026-02-17,2,2.612,1.9
2026-02-17,3,0.975,1.603
2026-02-17,4,0.172,2.435
2026-02-17,5,0.12,1.87
2026-02-17,6,1.067,1.067
2026-02-17,7,1.185,-0.203
2026-02-17,8,1.255,1.255
2026-02-17,9,4.062,18.155
2026-02-17,10,8.755,4.53
2026-02-17,11,1.74,1.49
2026-02-17,12,0.177,0.177
2026-02-17,13,0.13,0.13
2026-02-17,14,0.115,0.122
2026-02-17,15,0.1,1.927
2026-02-17,16,0.1,2.002
2026-02-17,17,0.133,0.508
2026-02-17,18,7.83,0.39
2026-02-17,19,13.11,0.0
2026-02-17,20,29.04,-3.47
2026-02-17,21,53.032,7.47
2026-02-17,22,42.43,5.865
2026-02-17,23,22.975,0.0
2026-02-17,24,14.175,6.652
2026-02-18,1,15.61,-1.05
2026-02-18,2,15.31,-1.137
2026-02-18,3,5.31,3.502
2026-02-18,4,3.885,4.39
2026-02-18,5,3.717,3.077
2026-02-18,6,3.53,4.55
2026-02-18,7,2.8,8.523
2026-02-18,8,3.545,32.117
2026-02-18,9,7.275,8.44
2026-02-18,10,16.13,2.505
2026-02-18,11,5.657,11.232
2026-02-18,12,1.667,3.335
2026-02-18,13,0.422,1.28
2026-02-18,14,0.275,0.878
2026-02-18,15,0.242,0.58
2026-02-18,16,0.29,0.58
2026-02-18,17,0.397,1.18
2026-02-18,18,2.55,1.768
2026-02-18,19,3.143,1.742
2026-02-18,20,4.043,4.11
2026-02-18,21,12.31,8.185
2026-02-18,22,9.027,5.527
2026-02-18,23,4.085,3.518
2026-02-18,24,1.39,1.28
2026-02-19,1,2.657,1.415
2026-02-19,2,0.398,1.825
2026-02-19,3,0.055,0.242
2026-02-19,4,0.0,-4.748
2026-02-19,5,0.003,-2.362
2026-02-19,6,0.355,1.282
2026-02-19,7,2.612,2.62
2026-02-19,8,6.002,2.375
2026-02-19,9,7.46,5.125
2026-02-19,10,1.945,2.47
2026-02-19,11,0.52,6.19
2026-02-19,12,0.99,0.85
2026-02-19,13,0.99,1.448
2026-02-19,14,0.99,1.812
2026-02-19,15,0.99,3.683
2026-02-19,16,1.323,3.925
2026-02-19,17,1.642,0.877
2026-02-19,18,4.188,0.415
2026-02-19,19,23.11,0.68
2026-02-19,20,74.947,2.625
2026-02-19,21,81.297,14.75
2026-02-19,22,63.525,36.672
2026-02-19,23,46.325,42.582
2026-02-19,24,33.403,27.307
2026-02-20,1,24.942,32.163
2026-02-20,2,20.378,27.415
2026-02-20,3,12.453,18.953
2026-02-20,4,7.258,16.562
2026-02-20,5,6.89,16.438
2026-02-20,6,9.797,26.308
2026-02-20,7,24.03,32.333
2026-02-20,8,43.195,27.37
2026-02-20,9,54.285,38.278
2026-02-20,10,11.735,18.61
2026-02-20,11,7.018,9.815
2026-02-20,12,6.89,7.708
2026-02-20,13,6.862,7.152
2026-02-20,14,6.655,6.705
2026-02-20,15,6.53,6.57
2026-02-20,16,6.695,6.732
2026-02-20,17,6.862,6.875
2026-02-20,18,12.475,12.738
2026-02-20,19,59.097,39.175
2026-02-20,20,93.457,65.44
2026-02-20,21,100.535,57.675
2026-02-20,22,96.02,46.215
2026-02-20,23,60.067,37.73
2026-02-20,24,38.68,27.72
2026-02-21,1,32.97,-2.695
2026-02-21,2,27.752,-4.673
2026-02-21,3,24.102,-1.805
2026-02-21,4,23.0,-0.14
2026-02-21,5,20.005,-0.483
2026-02-21,6,23.0,-0.405
2026-02-21,7,27.0,-1.208
2026-02-21,8,28.71,-0.28
2026-02-21,9,25.955,1.162
2026-02-21,10,10.207,-3.25
2026-02-21,11,1.012,0.0
2026-02-21,12,0.585,0.0
2026-02-21,13,0.58,0.0
2026-02-21,14,0.585,0.0
2026-02-21,15,0.545,0.0
2026-02-21,16,0.573,0.0
2026-02-21,17,0.935,0.0
2026-02-21,18,9.633,-2.5
2026-02-21,19,29.41,-1.425
2026-02-21,20,53.362,6.25
2026-02-21,21,91.45,15.0
2026-02-21,22,86.368,12.5
2026-02-21,23,44.962,8.985
2026-02-21,24,32.41,0.28
2026-02-22,1,32.965,16.455
2026-02-22,2,27.233,12.957
2026-02-22,3,22.697,13.29
2026-02-22,4,15.268,13.01
2026-02-22,5,9.385,7.652
2026-02-22,6,9.18,7.817
2026-02-22,7,11.738,8.85
2026-02-22,8,19.575,6.05
2026-02-22,9,6.232,2.155
2026-02-22,10,1.215,-0.315
2026-02-22,11,0.32,-3.565
2026-02-22,12,0.225,-3.94
2026-02-22,13,0.54,-2.625
2026-02-22,14,0.22,-1.44
2026-02-22,15,0.185,-1.44
2026-02-22,16,0.173,-1.362
2026-02-22,17,0.275,0.275
2026-02-22,18,6.628,2.987
2026-02-22,19,20.61,2.633
2026-02-22,20,32.175,7.15
2026-02-22,21,38.81,18.81
2026-02-22,22,73.0,9.115
2026-02-22,23,45.46,7.865
2026-02-22,24,33.035,15.96
2026-02-23,1,23.887,24.155
2026-02-23,2,19.905,20.508
2026-02-23,3,18.242,37.398
2026-02-23,4,12.627,33.112
2026-02-23,5,10.575,24.95
2026-02-23,6,18.027,27.175
2026-02-23,7,24.225,8.74
2026-02-23,8,35.015,5.475
2026-02-23,9,35.49,26.575
2026-02-23,10,14.523,20.392
2026-02-23,11,10.54,13.238
2026-02-23,12,9.998,5.883
2026-02-23,13,9.99,0.823
2026-02-23,14,9.04,1.06
2026-02-23,15,8.24,1.282
2026-02-23,16,9.998,3.86
2026-02-23,17,13.898,4.822
2026-02-23,18,22.03,23.285
2026-02-23,19,37.288,4.633
2026-02-23,20,93.013,15.75
2026-02-23,21,175.13,16.0
2026-02-23,22,110.76,15.5
2026-02-23,23,54.157,11.598
2026-02-23,24,31.377,26.892
2026-02-24,1,28.225,16.925
2026-02-24,2,23.395,9.223
2026-02-24,3,21.3,6.748
2026-02-24,4,20.288,2.765
2026-02-24,5,18.867,1.4
2026-02-24,6,21.31,2.755
2026-02-24,7,21.31,17.052
2026-02-24,8,23.52,23.157
2026-02-24,9,26.04,20.098
2026-02-24,10,15.82,9.8
2026-02-24,11,2.377,2.377
2026-02-24,12,0.65,0.675
2026-02-24,13,0.575,0.0
2026-02-24,14,0.263,0.0
2026-02-24,15,0.15,0.05
2026-02-24,16,0.375,0.375
2026-02-24,17,0.6,0.355
2026-02-24,18,13.627,6.29
2026-02-24,19,22.863,10.717
2026-02-24,20,27.093,20.358
2026-02-24,21,41.025,34.625
2026-02-24,22,32.84,28.64
2026-02-24,23,27.885,19.852
2026-02-24,24,25.392,14.59
2026-02-25,1,19.015,7.538
2026-02-25,2,14.553,18.657
2026-02-25,3,11.303,0.05
2026-02-25,4,7.6,0.05
2026-02-25,5,7.67,0.05
2026-02-25,6,10.735,0.05
2026-02-25,7,23.438,-0.388
2026-02-25,8,31.57,0.315
2026-02-25,9,38.02,2.105
2026-02-25,10,16.117,24.89
2026-02-25,11,9.695,13.94
2026-02-25,12,11.543,0.05
2026-02-25,13,11.98,0.05
2026-02-25,14,11.73,5.06
2026-02-25,15,11.73,6.73
2026-02-25,16,11.918,7.67
2026-02-25,17,12.19,11.61
2026-02-25,18,20.942,23.183
2026-02-25,19,67.08,3.743
2026-02-25,20,104.44,22.122
2026-02-25,21,104.095,76.847
2026-02-25,22,95.75,20.485
2026-02-25,23,54.477,19.052
2026-02-25,24,30.96,19.323
2026-02-26,1,28.758,18.758
2026-02-26,2,23.045,28.117
2026-02-26,3,17.3,27.462
2026-02-26,4,11.742,24.352
2026-02-26,5,11.805,24.513
2026-02-26,6,19.953,28.947
2026-02-26,7,28.252,16.055
2026-02-26,8,67.838,30.928
2026-02-26,9,54.46,49.377
2026-02-26,10,17.455,33.583
2026-02-26,11,7.53,11.595
2026-02-26,12,2.827,2.827
2026-02-26,13,2.0,2.0
2026-02-26,14,1.657,1.657
2026-02-26,15,1.44,1.44
2026-02-26,16,1.663,1.663
2026-02-26,17,2.36,2.36
2026-02-26,18,10.293,8.5
2026-02-26,19,40.013,4.31
2026-02-26,20,94.442,19.58
2026-02-26,21,102.275,0.89
2026-02-26,22,84.733,4.418
2026-02-26,23,37.847,9.697
2026-02-26,24,26.7,12.465
2026-02-27,1,20.07,3.685
2026-02-27,2,10.933,9.287
2026-02-27,3,11.617,12.85
2026-02-27,4,10.488,10.488
2026-02-27,5,9.703,10.567
2026-02-27,6,11.345,11.928
2026-02-27,7,22.902,-0.637
2026-02-27,8,33.755,18.992
2026-02-27,9,29.807,12.787
2026-02-27,10,14.4,22.273
2026-02-27,11,8.99,12.12
2026-02-27,12,7.63,9.678
2026-02-27,13,7.035,8.61
2026-02-27,14,2.51,5.535
2026-02-27,15,2.005,1.708
2026-02-27,16,2.0,7.0
2026-02-27,17,5.905,6.905
2026-02-27,18,16.285,7.308
2026-02-27,19,31.395,14.225
2026-02-27,20,62.925,34.145
2026-02-27,21,73.585,-3.5
2026-02-27,22,55.312,7.598
2026-02-27,23,33.797,12.65
2026-02-27,24,25.535,12.075
2026-02-28,1,16.473,10.217
2026-02-28,2,6.79,1.5
2026-02-28,3,8.748,6.883
2026-02-28,4,4.15,3.3
2026-02-28,5,3.525,3.525
2026-02-28,6,3.825,3.825
2026-02-28,7,4.48,8.588
2026-02-28,8,3.913,6.418
2026-02-28,9,3.612,10.415
2026-02-28,10,1.772,3.555
2026-02-28,11,0.01,-1.64
2026-02-28,12,0.0,-2.623
2026-02-28,13,0.0,-4.37
2026-02-28,14,0.003,-4.0
2026-02-28,15,0.0,-1.38
2026-02-28,16,0.0,-3.525
2026-02-28,17,0.172,-0.772
2026-02-28,18,2.782,2.325
2026-02-28,19,21.15,18.047
2026-02-28,20,58.67,55.678
2026-02-28,21,61.31,61.81
2026-02-28,22,51.725,56.258
2026-02-28,23,41.63,42.38
2026-02-28,24,35.013,32.275
2026-03-01,1,32.465,27.462
2026-03-01,2,31.125,26.115
2026-03-01,3,24.168,2.585
2026-03-01,4,23.0,0.1
2026-03-01,5,23.0,0.1
2026-03-01,6,23.0,0.1
2026-03-01,7,23.922,18.918
2026-03-01,8,23.875,14.392
2026-03-01,9,17.195,8.965
2026-03-01,10,1.245,-2.248
2026-03-01,11,-0.333,-5.0
2026-03-01,12,-1.51,-5.0
2026-03-01,13,-1.51,-5.0
2026-03-01,14,-1.51,-5.0
2026-03-01,15,-1.805,-5.0
2026-03-01,16,-2.078,-5.0
2026-03-01,17,-1.333,-5.0
2026-03-01,18,-0.335,-2.433
2026-03-01,19,7.048,4.423
2026-03-01,20,33.773,28.773
2026-03-01,21,35.013,30.012
2026-03-01,22,28.848,19.117
2026-03-01,23,26.538,12.06
2026-03-01,24,18.082,0.1
2026-03-02,1,15.878,8.787
2026-03-02,2,8.875,3.647
2026-03-02,3,5.218,0.1
2026-03-02,4,4.875,0.1
2026-03-02,5,4.515,0.075
2026-03-02,6,9.373,2.26
2026-03-02,7,20.795,15.723
2026-03-02,8,26.672,0.55
2026-03-02,9,24.9,1.962
2026-03-02,10,14.293,0.425
2026-03-02,11,2.26,-0.18
2026-03-02,12,0.325,0.328
2026-03-02,13,0.225,0.163
2026-03-02,14,0.072,0.072
2026-03-02,15,0.158,0.158
2026-03-02,16,0.613,-0.205
2026-03-02,17,2.208,0.0
2026-03-02,18,9.617,10.477
2026-03-02,19,27.34,12.655
2026-03-02,20,65.36,41.362
2026-03-02,21,79.975,47.243
2026-03-02,22,50.953,62.972
2026-03-02,23,36.605,25.623
2026-03-02,24,30.188,9.303
2026-03-03,1,34.41,-7.0
2026-03-03,2,29.195,8.605
2026-03-03,3,24.275,13.65
2026-03-03,4,23.0,15.5
2026-03-03,5,23.0,15.5
2026-03-03,6,25.29,11.54
2026-03-03,7,30.197,16.448
2026-03-03,8,35.543,28.043
2026-03-03,9,34.297,26.797
2026-03-03,10,22.823,9.537
2026-03-03,11,6.94,-2.95
2026-03-03,12,3.38,0.0
2026-03-03,13,1.917,0.0
2026-03-03,14,1.188,0.0
2026-03-03,15,1.038,0.0
2026-03-03,16,0.932,0.0
2026-03-03,17,3.06,-1.26
2026-03-03,18,12.838,-5.107
2026-03-03,19,37.115,14.63
2026-03-03,20,87.062,79.562
2026-03-03,21,93.347,85.075
2026-03-03,22,62.33,58.078
2026-03-03,23,52.913,45.812
2026-03-03,24,36.24,28.74
2026-03-04,1,64.075,92.57
2026-03-04,2,51.275,73.532
2026-03-04,3,42.56,79.275
2026-03-04,4,38.877,72.153
2026-03-04,5,37.285,76.125
2026-03-04,6,42.65,81.227
2026-03-04,7,43.943,79.595
2026-03-04,8,76.475,59.112
2026-03-04,9,72.213,66.317
2026-03-04,10,46.235,96.41
2026-03-04,11,28.18,61.108
2026-03-04,12,17.273,52.255
2026-03-04,13,7.383,30.24
2026-03-04,14,5.995,15.31
2026-03-04,15,9.6,18.23
2026-03-04,16,17.652,34.005
2026-03-04,17,17.07,42.725
2026-03-04,18,43.697,58.912
2026-03-04,19,93.968,98.017
2026-03-04,20,176.985,170.415
2026-03-04,21,163.655,150.918
2026-03-04,22,98.347,123.095
2026-03-04,23,82.958,101.32
2026-03-04,24,75.24,86.002
2026-03-05,1,94.833,96.808
2026-03-05,2,85.478,86.46
2026-03-05,3,84.297,85.74
2026-03-05,4,74.017,79.995
2026-03-05,5,76.21,81.58
2026-03-05,6,86.42,90.49
2026-03-05,7,111.515,106.243
2026-03-05,8,144.713,71.233
2026-03-05,9,143.463,88.06
2026-03-05,10,111.317,92.992
2026-03-05,11,93.428,61.862
2026-03-05,12,62.69,60.115
2026-03-05,13,40.905,61.17
2026-03-05,14,38.273,53.002
2026-03-05,15,40.617,52.418
2026-03-05,16,47.565,56.54
2026-03-05,17,68.83,60.85
2026-03-05,18,95.612,69.54
2026-03-05,19,101.192,90.002
2026-03-05,20,106.805,101.805
2026-03-05,21,112.315,102.627
2026-03-05,22,95.808,93.308
2026-03-05,23,85.995,82.838
2026-03-05,24,72.2,79.157
2026-03-06,1,62.058,81.01
2026-03-06,2,55.712,76.903
2026-03-06,3,51.51,72.07
2026-03-06,4,44.177,51.78
2026-03-06,5,34.763,34.197
2026-03-06,6,37.337,36.385
2026-03-06,7,50.03,48.638
2026-03-06,8,60.657,69.947
2026-03-06,9,74.698,65.727
2026-03-06,10,69.2,49.278
2026-03-06,11,64.567,47.817
2026-03-06,12,64.265,46.1
2026-03-06,13,56.89,48.388
2026-03-06,14,52.447,46.065
2026-03-06,15,50.177,44.37
2026-03-06,16,49.57,43.468
2026-03-06,17,50.245,45.458
2026-03-06,18,53.148,54.005
2026-03-06,19,66.248,73.35
2026-03-06,20,97.603,94.935
2026-03-06,21,101.088,99.845
2026-03-06,22,97.32,96.873
2026-03-06,23,90.757,88.4
2026-03-06,24,83.297,69.547
2026-03-07,1,75.078,76.062
2026-03-07,2,64.468,66.84
2026-03-07,3,61.495,79.347
2026-03-07,4,53.745,73.927
2026-03-07,5,50.62,70.73
2026-03-07,6,53.55,72.748
2026-03-07,7,60.0,80.055
2026-03-07,8,61.08,80.105
2026-03-07,9,63.675,82.895
2026-03-07,10,54.008,50.155
2026-03-07,11,45.285,36.33
2026-03-07,12,29.1,27.337
2026-03-07,13,16.495,21.5
2026-03-07,14,4.42,12.955
2026-03-07,15,19.788,21.172
2026-03-07,16,34.0,27.188
2026-03-07,17,39.82,30.617
2026-03-07,18,59.297,41.968
2026-03-07,19,97.295,85.752
2026-03-07,20,134.46,119.46
2026-03-07,21,126.93,111.93
2026-03-07,22,107.892,92.892
2026-03-07,23,97.498,82.75
2026-03-07,24,91.58,80.485
2026-03-08,1,106.65,76.453
2026-03-08,2,97.708,98.142
2026-03-08,3,92.825,90.765
2026-03-08,4,85.995,82.797
2026-03-08,5,82.928,82.26
2026-03-08,6,84.705,83.593
2026-03-08,7,84.21,102.75
2026-03-08,8,86.978,101.168
2026-03-08,9,81.332,97.02
2026-03-08,10,65.843,70.062
2026-03-08,11,37.568,44.568
2026-03-08,12,21.648,23.75
2026-03-08,13,12.975,11.2
2026-03-08,14,17.28,7.58
2026-03-08,15,18.293,14.707
2026-03-08,16,21.98,22.203
2026-03-08,17,32.77,31.14
2026-03-08,18,62.323,57.48
2026-03-08,19,94.505,55.755
2026-03-08,20,105.498,55.498
2026-03-08,21,122.59,71.59
2026-03-08,22,121.442,70.692
2026-03-08,23,115.52,64.52
2026-03-08,24,105.498,54.498
2026-03-09,1,115.495,119.213
2026-03-09,2,110.075,117.4
2026-03-09,3,97.102,112.71
2026-03-09,4,80.343,110.013
2026-03-09,5,82.47,113.868
2026-03-09,6,104.38,120.12
2026-03-09,7,115.255,119.625
2026-03-09,8,128.93,127.025
2026-03-09,9,140.45,137.615
2026-03-09,10,122.188,122.75
2026-03-09,11,109.19,99.573
2026-03-09,12,93.505,92.0
2026-03-09,13,84.127,88.795
2026-03-09,14,80.275,86.095
2026-03-09,15,82.302,87.567
2026-03-09,16,93.287,94.525
2026-03-09,17,98.1,93.295
2026-03-09,18,114.047,108.722
2026-03-09,19,121.465,115.59
2026-03-09,20,127.95,125.468
2026-03-09,21,153.445,153.282
2026-03-09,22,149.95,149.368
2026-03-09,23,134.268,132.363
2026-03-09,24,123.66,111.528
2026-03-10,1,140.028,98.047
2026-03-10,2,128.285,126.627
2026-03-10,3,121.578,123.105
2026-03-10,4,108.138,120.0
2026-03-10,5,108.083,122.0
2026-03-10,6,118.395,128.968
2026-03-10,7,137.51,114.172
2026-03-10,8,148.522,89.015
2026-03-10,9,155.947,112.315
2026-03-10,10,139.225,123.63
2026-03-10,11,113.338,115.0
2026-03-10,12,100.692,103.7
2026-03-10,13,99.015,93.295
2026-03-10,14,95.18,91.725
2026-03-10,15,95.778,95.472
2026-03-10,16,99.453,95.582
2026-03-10,17,104.665,103.9
2026-03-10,18,108.8,108.8
2026-03-10,19,142.918,142.512
2026-03-10,20,178.96,178.667
2026-03-10,21,193.838,209.66
2026-03-10,22,191.593,207.303
2026-03-10,23,177.738,153.308
2026-03-10,24,155.255,147.433
2026-03-11,1,140.673,101.135
2026-03-11,2,124.078,64.37
2026-03-11,3,120.29,60.2
2026-03-11,4,112.007,69.138
2026-03-11,5,116.13,71.32
2026-03-11,6,123.198,61.233
2026-03-11,7,129.285,76.093
2026-03-11,8,144.387,96.542
2026-03-11,9,124.94,74.55
2026-03-11,10,76.885,57.172
2026-03-11,11,53.0,50.075
2026-03-11,12,19.822,24.872
2026-03-11,13,15.25,19.75
2026-03-11,14,22.822,14.41
2026-03-11,15,33.125,21.03
2026-03-11,16,39.69,33.565
2026-03-11,17,53.715,45.215
2026-03-11,18,89.42,68.45
2026-03-11,19,125.435,110.73
2026-03-11,20,152.863,135.053
2026-03-11,21,159.035,148.3
2026-03-11,22,157.445,148.3
2026-03-11,23,149.113,122.495
2026-03-11,24,134.382,110.938
2026-03-12,1,100.468,94.975
2026-03-12,2,94.24,90.39
2026-03-12,3,94.445,81.37
2026-03-12,4,93.67,71.73
2026-03-12,5,94.13,73.14
2026-03-12,6,95.0,82.485
2026-03-12,7,100.41,101.688
2026-03-12,8,112.385,103.585
2026-03-12,9,99.88,100.072
2026-03-12,10,54.528,46.66
2026-03-12,11,20.0,8.373
2026-03-12,12,2.527,1.0
2026-03-12,13,1.19,1.0
2026-03-12,14,-0.003,0.843
2026-03-12,15,-0.005,1.0
2026-03-12,16,0.0,1.03
2026-03-12,17,0.003,2.955
2026-03-12,18,18.005,27.462
2026-03-12,19,93.485,93.515
2026-03-12,20,132.382,125.588
2026-03-12,21,169.493,162.593
2026-03-12,22,151.97,146.02
2026-03-12,23,119.185,111.055
2026-03-12,24,102.273,90.157
2026-03-13,1,62.608,52.972
2026-03-13,2,51.51,64.885
2026-03-13,3,40.31,39.74
2026-03-13,4,40.82,42.375
2026-03-13,5,38.515,45.282
2026-03-13,6,40.707,43.085
2026-03-13,7,51.425,55.605
2026-03-13,8,74.583,75.112
2026-03-13,9,48.855,66.98
2026-03-13,10,9.812,30.93
2026-03-13,11,1.877,22.09
2026-03-13,12,0.255,15.0
2026-03-13,13,0.003,1.18
2026-03-13,14,-0.005,0.91
2026-03-13,15,-0.253,0.005
2026-03-13,16,-0.26,0.007
2026-03-13,17,-0.005,0.953
2026-03-13,18,2.447,17.933
2026-03-13,19,49.215,68.322
2026-03-13,20,94.87,59.752
2026-03-13,21,96.203,59.787
2026-03-13,22,91.04,81.618
2026-03-13,23,75.32,42.285
2026-03-13,24,42.645,49.062
2026-03-14,1,34.803,-0.853
2026-03-14,2,20.08,-3.748
2026-03-14,3,11.148,-4.725
2026-03-14,4,9.422,-4.107
2026-03-14,5,7.812,-3.047
2026-03-14,6,9.812,-2.303
2026-03-14,7,10.255,0.0
2026-03-14,8,12.85,3.71
2026-03-14,9,7.652,10.777
2026-03-14,10,3.69,5.263
2026-03-14,11,0.425,2.042
2026-03-14,12,0.0,0.23
2026-03-14,13,-0.003,0.0
2026-03-14,14,0.0,0.0
2026-03-14,15,0.0,0.0
2026-03-14,16,0.0,0.233
2026-03-14,17,0.233,2.163
2026-03-14,18,3.697,4.455
2026-03-14,19,15.945,-0.453
2026-03-14,20,33.758,13.018
2026-03-14,21,45.69,37.14
2026-03-14,22,45.57,44.445
2026-03-14,23,38.76,39.185
2026-03-14,24,33.805,14.16
2026-03-15,1,4.357,-0.278
2026-03-15,2,2.425,0.0
2026-03-15,3,3.78,1.632
2026-03-15,4,1.938,0.93
2026-03-15,5,1.065,-0.698
2026-03-15,6,0.82,-0.973
2026-03-15,7,0.935,0.225
2026-03-15,8,1.627,-0.45
2026-03-15,9,0.365,-2.353
2026-03-15,10,-0.61,-4.133
2026-03-15,11,-1.83,-6.162
2026-03-15,12,-2.1,-7.808
2026-03-15,13,-2.1,-9.05
2026-03-15,14,-2.1,-8.575
2026-03-15,15,-2.1,-11.075
2026-03-15,16,-2.1,-8.1
2026-03-15,17,-2.1,-9.1
2026-03-15,18,-0.958,-4.135
2026-03-15,19,4.615,2.155
2026-03-15,20,19.337,15.328
2026-03-15,21,34.797,28.51
2026-03-15,22,35.008,31.02
2026-03-15,23,33.778,29.025
2026-03-15,24,25.797,20.22
2026-03-16,1,6.843,19.113
2026-03-16,2,6.655,13.65
2026-03-16,3,5.435,4.705
2026-03-16,4,4.91,-0.742
2026-03-16,5,4.817,5.09
2026-03-16,6,5.7,23.38
2026-03-16,7,12.933,47.86
2026-03-16,8,30.33,96.445
2026-03-16,9,13.77,49.805
2026-03-16,10,0.812,1.172
2026-03-16,11,-0.615,0.0
2026-03-16,12,-1.13,0.0
2026-03-16,13,-1.758,-0.005
2026-03-16,14,-1.498,-0.003
2026-03-16,15,-1.002,0.0
2026-03-16,16,-0.907,0.0
2026-03-16,17,-0.417,0.003
2026-03-16,18,3.672,10.482
2026-03-16,19,60.385,56.907
2026-03-16,20,172.713,155.238
2026-03-16,21,190.23,96.817
2026-03-16,22,159.438,93.767
2026-03-16,23,124.257,70.51
2026-03-16,24,96.79,81.855
2026-03-17,1,108.5,88.138
2026-03-17,2,84.69,62.025
2026-03-17,3,63.89,80.39
2026-03-17,4,51.715,71.623
2026-03-17,5,48.182,73.04
2026-03-17,6,59.5,83.058
2026-03-17,7,66.433,66.603
2026-03-17,8,107.875,112.85
2026-03-17,9,46.055,72.805
2026-03-17,10,2.203,11.41
2026-03-17,11,-0.133,-0.003
2026-03-17,12,-0.76,-0.755
2026-03-17,13,-0.955,-0.003
2026-03-17,14,-1.125,0.0
2026-03-17,15,-1.367,-0.003
2026-03-17,16,-0.958,-0.412
2026-03-17,17,-0.532,0.0
2026-03-17,18,3.277,4.877
2026-03-17,19,33.638,30.887
2026-03-17,20,101.17,98.17
2026-03-17,21,109.857,95.523
2026-03-17,22,98.948,94.67
2026-03-17,23,69.97,66.78
2026-03-17,24,48.178,51.983
2026-03-18,1,37.56,35.752
2026-03-18,2,27.81,25.45
2026-03-18,3,33.788,33.015
2026-03-18,4,28.623,23.385
2026-03-18,5,28.7,28.017
2026-03-18,6,28.4,23.085
2026-03-18,7,51.785,30.29
2026-03-18,8,66.06,71.305
2026-03-18,9,43.935,29.815
2026-03-18,10,17.78,16.018
2026-03-18,11,3.013,3.32
2026-03-18,12,0.588,0.598
2026-03-18,13,0.0,0.007
2026-03-18,14,-0.01,-0.003
2026-03-18,15,-0.01,-0.005
2026-03-18,16,0.0,-0.003
2026-03-18,17,0.603,0.605
2026-03-18,18,7.532,6.03
2026-03-18,19,36.017,38.803
2026-03-18,20,64.225,68.795
2026-03-18,21,76.88,81.88
2026-03-18,22,62.312,66.285
2026-03-18,23,46.215,52.085
2026-03-18,24,26.27,38.215
2026-03-19,1,28.212,9.86
2026-03-19,2,26.4,5.5
2026-03-19,3,20.615,2.44
2026-03-19,4,15.107,1.16
2026-03-19,5,15.36,1.36
2026-03-19,6,23.352,0.66
2026-03-19,7,29.293,6.312
2026-03-19,8,36.265,35.6
2026-03-19,9,22.85,9.617
2026-03-19,10,6.838,-1.75
2026-03-19,11,0.0,-2.518
2026-03-19,12,-0.003,-0.383
2026-03-19,13,-0.007,-0.58
2026-03-19,14,-0.01,-1.33
2026-03-19,15,-0.005,-0.06
2026-03-19,16,0.0,-2.433
2026-03-19,17,0.335,-0.008
2026-03-19,18,12.495,2.08
2026-03-19,19,31.825,16.965
2026-03-19,20,78.047,66.308
2026-03-19,21,80.123,60.12
2026-03-19,22,63.795,45.56
2026-03-19,23,60.013,30.258
2026-03-19,24,47.975,29.465
2026-03-20,1,22.085,36.602
2026-03-20,2,29.48,47.252
2026-03-20,3,23.46,36.455
2026-03-20,4,16.723,28.235
2026-03-20,5,23.595,30.0
2026-03-20,6,38.133,51.115
2026-03-20,7,45.78,52.915
2026-03-20,8,58.528,67.995
2026-03-20,9,49.015,62.322
2026-03-20,10,36.288,30.0
2026-03-20,11,19.503,11.95
2026-03-20,12,3.973,7.127
2026-03-20,13,4.0,6.945
2026-03-20,14,1.375,2.88
2026-03-20,15,2.24,4.0
2026-03-20,16,3.275,7.157
2026-03-20,17,11.023,15.303
2026-03-20,18,34.515,36.765
2026-03-20,19,60.66,59.31
2026-03-20,20,98.72,94.832
2026-03-20,21,95.102,90.252
2026-03-20,22,78.877,74.445
2026-03-20,23,78.5,75.5
2026-03-20,24,66.75,58.54
2026-03-21,1,58.317,54.55
2026-03-21,2,51.802,49.875
2026-03-21,3,47.22,37.472
2026-03-21,4,40.62,32.0
2026-03-21,5,41.1,32.233
2026-03-21,6,46.4,39.322
2026-03-21,7,56.352,60.025
2026-03-21,8,56.925,75.188
2026-03-21,9,45.193,61.1
2026-03-21,10,25.172,24.465
2026-03-21,11,13.815,10.425
2026-03-21,12,10.65,10.005
2026-03-21,13,7.168,9.508
2026-03-21,14,5.0,6.678
2026-03-21,15,5.0,5.06
2026-03-21,16,4.965,5.228
2026-03-21,17,6.963,9.505
2026-03-21,18,24.245,21.418
2026-03-21,19,65.852,70.447
2026-03-21,20,93.03,106.088
2026-03-21,21,82.832,83.195
2026-03-21,22,72.645,78.0
2026-03-21,23,73.03,77.495
2026-03-21,24,60.907,63.297
2026-03-22,1,73.665,45.165
2026-03-22,2,58.0,35.585
2026-03-22,3,45.88,26.568
2026-03-22,4,41.2,29.0
2026-03-22,5,41.555,31.555
2026-03-22,6,39.28,28.735
2026-03-22,7,44.847,34.828
2026-03-22,8,49.015,22.875
2026-03-22,9,30.818,4.67
2026-03-22,10,3.815,-4.812
2026-03-22,11,-0.32,-3.845
2026-03-22,12,-2.755,-6.23
2026-03-22,13,-1.38,-6.63
2026-03-22,14,-1.51,-6.255
2026-03-22,15,-1.137,-4.572
2026-03-22,16,-0.827,-4.078
2026-03-22,17,-0.76,-4.492
2026-03-22,18,0.1,-2.16
2026-03-22,19,13.312,14.275
2026-03-22,20,51.37,58.218
2026-03-22,21,77.225,76.125
2026-03-22,22,60.857,62.633
2026-03-22,23,36.558,41.58
2026-03-22,24,18.975,23.983
2026-03-23,1,16.848,48.358
2026-03-23,2,11.06,24.145
2026-03-23,3,8.44,14.0
2026-03-23,4,9.578,13.625
2026-03-23,5,11.14,13.005
2026-03-23,6,14.16,12.95
2026-03-23,7,40.155,39.498
2026-03-23,8,68.052,70.095
2026-03-23,9,44.102,26.733
2026-03-23,10,1.968,4.0
2026-03-23,11,0.0,0.72
2026-03-23,12,-0.015,0.51
2026-03-23,13,-0.02,0.51
2026-03-23,14,-0.01,0.255
2026-03-23,15,-0.003,0.22
2026-03-23,16,0.0,0.767
2026-03-23,17,0.547,1.665
2026-03-23,18,10.393,7.963
2026-03-23,19,38.502,37.932
2026-03-23,20,107.593,104.71
2026-03-23,21,146.4,115.667
2026-03-23,22,120.94,114.03
2026-03-23,23,97.748,92.255
2026-03-23,24,63.955,65.737
2026-03-24,1,67.257,19.498
2026-03-24,2,58.15,21.97
2026-03-24,3,57.617,26.74
2026-03-24,4,58.4,37.83
2026-03-24,5,58.14,54.17
2026-03-24,6,66.453,39.605
2026-03-24,7,83.072,14.535
2026-03-24,8,102.075,14.54
2026-03-24,9,54.133,49.733
2026-03-24,10,8.505,35.03
2026-03-24,11,0.21,1.82
2026-03-24,12,-0.007,0.21
2026-03-24,13,-0.035,-0.525
2026-03-24,14,-0.01,0.0
2026-03-24,15,-0.007,0.0
2026-03-24,16,0.0,0.02
2026-03-24,17,0.51,2.135
2026-03-24,18,19.765,16.44
2026-03-24,19,66.773,53.17
2026-03-24,20,127.718,19.25
2026-03-24,21,151.825,20.5
2026-03-24,22,138.737,48.78
2026-03-24,23,103.498,55.237
2026-03-24,24,64.882,47.197
2026-03-25,1,41.26,36.11
2026-03-25,2,35.015,20.17
2026-03-25,3,39.843,43.442
2026-03-25,4,35.02,38.62
2026-03-25,5,35.013,30.883
2026-03-25,6,34.398,3.805
2026-03-25,7,32.16,13.762
2026-03-25,8,32.668,27.4
2026-03-25,9,15.885,16.02
2026-03-25,10,1.1,1.175
2026-03-25,11,-0.125,0.125
2026-03-25,12,-0.608,-0.077
2026-03-25,13,-0.83,0.0
2026-03-25,14,-0.875,-0.34
2026-03-25,15,-0.872,-0.5
2026-03-25,16,-0.828,0.0
2026-03-25,17,-0.503,-0.003
2026-03-25,18,0.75,0.8
2026-03-25,19,9.968,12.255
2026-03-25,20,30.578,28.527
2026-03-25,21,35.14,39.877
2026-03-25,22,35.013,37.31
2026-03-25,23,29.218,25.642
2026-03-25,24,20.04,19.74
2026-03-26,1,5.3,4.577
2026-03-26,2,3.577,0.875
2026-03-26,3,3.51,1.432
2026-03-26,4,3.51,2.507
2026-03-26,5,3.51,1.88
2026-03-26,6,3.382,3.51
2026-03-26,7,3.92,9.873
2026-03-26,8,3.672,11.748
2026-03-26,9,0.993,2.48
2026-03-26,10,-0.718,-0.215
2026-03-26,11,-1.925,-4.168
2026-03-26,12,-2.2,-11.055
2026-03-26,13,-2.62,-9.155
2026-03-26,14,-2.228,-1.542
2026-03-26,15,-2.857,-9.1
2026-03-26,16,-2.86,-6.0
2026-03-26,17,-2.1,-5.225
2026-03-26,18,-0.535,0.007
2026-03-26,19,1.758,2.81
2026-03-26,20,18.948,5.758
2026-03-26,21,35.0,23.625
2026-03-26,22,29.392,17.102
2026-03-26,23,15.162,2.955
2026-03-26,24,6.923,3.252
2026-03-27,1,5.338,5.44
2026-03-27,2,3.413,4.245
2026-03-27,3,2.817,3.08
2026-03-27,4,2.667,3.08
2026-03-27,5,2.458,3.08
2026-03-27,6,2.112,5.41
2026-03-27,7,3.713,9.312
2026-03-27,8,6.87,20.098
2026-03-27,9,1.115,4.873
2026-03-27,10,-0.902,-0.283
2026-03-27,11,-2.455,0.375
2026-03-27,12,-4.125,0.0
2026-03-27,13,-5.0,0.0
2026-03-27,14,-5.0,0.0
2026-03-27,15,-5.0,0.0
2026-03-27,16,-4.75,0.0
2026-03-27,17,-2.825,1.562
2026-03-27,18,-0.532,1.438
2026-03-27,19,4.96,4.967
2026-03-27,20,30.102,44.04
2026-03-27,21,62.4,75.695
2026-03-27,22,52.43,66.118
2026-03-27,23,35.01,38.792
2026-03-27,24,32.245,30.832
2026-03-28,1,11.68,5.077
2026-03-28,2,8.61,5.485
2026-03-28,3,8.418,5.377
2026-03-28,4,8.225,4.0
2026-03-28,5,8.197,5.098
2026-03-28,6,8.883,5.077
2026-03-28,7,8.828,8.83
2026-03-28,8,3.453,3.998
2026-03-28,9,-0.07,0.695
2026-03-28,10,-1.357,-0.805
2026-03-28,11,-2.553,-1.48
2026-03-28,12,-3.875,-1.875
2026-03-28,13,-4.752,-2.752
2026-03-28,14,-4.058,-2.99
2026-03-28,15,-5.0,-3.5
2026-03-28,16,-5.0,-3.5
2026-03-28,17,-4.502,-3.245
2026-03-28,18,-1.478,-0.715
2026-03-28,19,0.555,2.125
2026-03-28,20,7.022,5.34
2026-03-28,21,11.48,7.32
2026-03-28,22,11.1,8.765
2026-03-28,23,6.423,7.697
2026-03-28,24,2.453,5.308
2026-03-30,1,7.822,-6.58
2026-03-30,2,5.715,-1.163
2026-03-30,3,4.678,0.1
2026-03-30,4,2.897,2.335
2026-03-30,5,2.413,0.3
2026-03-30,6,4.225,4.268
2026-03-30,7,11.043,-0.25
2026-03-30,8,32.755,27.18
2026-03-30,9,21.742,19.545
2026-03-30,10,2.8,4.378
2026-03-30,11,-0.23,-0.158
2026-03-30,12,-0.863,-0.613
2026-03-30,13,-1.002,-0.422
2026-03-30,14,-1.282,-0.827
2026-03-30,15,-1.505,-0.935
2026-03-30,16,-1.877,-0.9
2026-03-30,17,-1.248,-0.497
2026-03-30,18,-0.772,0.2
2026-03-30,19,0.07,0.402
2026-03-30,20,6.365,8.0
2026-03-30,21,45.138,46.913
2026-03-30,22,64.015,62.265
2026-03-30,23,35.383,30.233
2026-03-30,24,15.752,6.815
2026-03-31,1,10.69,13.52
2026-03-31,2,8.26,12.025
2026-03-31,3,7.147,10.902
2026-03-31,4,6.062,10.19
2026-03-31,5,5.41,5.59
2026-03-31,6,5.728,6.695
2026-03-31,7,7.325,12.793
2026-03-31,8,17.782,14.547
2026-03-31,9,8.463,1.567
2026-03-31,10,1.018,2.295
2026-03-31,11,-0.68,-0.752
2026-03-31,12,-1.752,-3.917
2026-03-31,13,-2.1,-6.0
2026-03-31,14,-2.1,-6.0
2026-03-31,15,-2.1,-6.75
2026-03-31,16,-2.67,-6.0
2026-03-31,17,-2.475,-6.0
2026-03-31,18,-1.672,-1.99
2026-03-31,19,-0.405,-0.405
2026-03-31,20,4.328,-0.492
2026-03-31,21,28.633,16.68
2026-03-31,22,47.112,52.413
2026-03-31,23,29.752,16.948
2026-03-31,24,10.168,3.958
2026-04-01,1,7.327,2.732
2026-04-01,2,5.2,-0.81
2026-04-01,3,5.308,-0.81
2026-04-01,4,5.41,-0.608
2026-04-01,5,4.935,-0.415
2026-04-01,6,5.455,-0.605
2026-04-01,7,7.055,6.053
2026-04-01,8,13.062,31.542
2026-04-01,9,6.812,14.33
2026-04-01,10,1.608,2.172
2026-04-01,11,-0.68,-0.485
2026-04-01,12,-2.005,-1.505
2026-04-01,13,-2.1,-2.1
2026-04-01,14,-1.68,-0.585
2026-04-01,15,-1.51,-0.007
2026-04-01,16,-1.51,0.0
2026-04-01,17,-1.495,0.015
2026-04-01,18,-1.373,0.138
2026-04-01,19,-0.497,0.63
2026-04-01,20,3.087,3.79
2026-04-01,21,17.7,27.005
2026-04-01,22,35.017,52.175
2026-04-01,23,18.385,20.675
2026-04-01,24,9.255,14.655
2026-04-02,1,10.227,20.4
2026-04-02,2,7.265,9.15
2026-04-02,3,5.455,3.507
2026-04-02,4,5.5,2.252
2026-04-02,5,5.455,3.125
2026-04-02,6,5.647,3.925
2026-04-02,7,5.867,3.577
2026-04-02,8,8.657,14.515
2026-04-02,9,4.473,5.855
2026-04-02,10,0.258,4.377
2026-04-02,11,-0.215,1.85
2026-04-02,12,-0.905,1.075
2026-04-02,13,-1.5,0.0
2026-04-02,14,-1.49,0.0
2026-04-02,15,-1.51,-0.5
2026-04-02,16,-0.57,1.41
2026-04-02,17,-0.383,1.728
2026-04-02,18,-0.507,1.705
2026-04-02,19,-0.738,-0.425
2026-04-02,20,1.258,3.907
2026-04-02,21,15.852,22.625
2026-04-02,22,35.013,57.165
2026-04-02,23,25.79,30.13
2026-04-02,24,11.22,15.375
2026-04-03,1,13.9,19.36
2026-04-03,2,11.875,11.975
2026-04-03,3,11.22,11.7
2026-04-03,4,12.115,12.887
2026-04-03,5,11.94,14.0
2026-04-03,6,12.572,21.075
2026-04-03,7,13.11,23.52
2026-04-03,8,15.578,46.805
2026-04-03,9,7.093,22.005
2026-04-03,10,0.175,1.505
2026-04-03,11,-1.34,-0.728
2026-04-03,12,-2.325,-1.625
2026-04-03,13,-4.0,-2.1
2026-04-03,14,-4.0,-2.368
2026-04-03,15,-4.625,-3.625
2026-04-03,16,-5.0,-4.0
2026-04-03,17,-5.0,-4.607
2026-04-03,18,-3.465,-1.625
2026-04-03,19,-0.578,-0.33
2026-04-03,20,5.57,17.625
2026-04-03,21,49.31,56.225
2026-04-03,22,80.623,76.912
2026-04-03,23,78.14,73.9
2026-04-03,24,53.64,50.0
2026-04-04,1,28.913,7.013
2026-04-04,2,23.145,14.453
2026-04-04,3,27.532,14.0
2026-04-04,4,28.142,19.685
2026-04-04,5,29.725,18.642
2026-04-04,6,30.435,19.485
2026-04-04,7,33.808,28.31
2026-04-04,8,35.008,33.1
2026-04-04,9,30.258,32.017
2026-04-04,10,10.242,20.275
2026-04-04,11,-0.415,0.42
2026-04-04,12,-1.775,-0.253
2026-04-04,13,-2.1,-0.865
2026-04-04,14,-2.1,-0.865
2026-04-04,15,-2.1,-2.1
2026-04-04,16,-2.1,-2.105
2026-04-04,17,-2.502,-4.895
2026-04-04,18,-1.028,-0.06
2026-04-04,19,0.318,5.59
2026-04-04,20,23.765,22.328
2026-04-04,21,41.707,52.74
2026-04-04,22,77.007,82.52
2026-04-04,23,60.242,70.522
2026-04-04,24,43.005,61.162
2026-04-05,1,44.96,60.975
2026-04-05,2,35.015,39.595
2026-04-05,3,35.005,28.953
2026-04-05,4,35.008,25.812
2026-04-05,5,35.0,25.14
2026-04-05,6,35.0,26.355
2026-04-05,7,35.005,28.855
2026-04-05,8,35.01,28.31
2026-04-05,9,29.93,28.35
2026-04-05,10,1.825,-1.407
2026-04-05,11,-1.802,-13.24
2026-04-05,12,-3.527,-3.0
2026-04-05,13,-5.728,-8.562
2026-04-05,14,-5.615,-11.602
2026-04-05,15,-6.25,-11.557
2026-04-05,16,-7.51,-12.067
2026-04-05,17,-7.51,-11.545
2026-04-05,18,-4.303,-7.275
2026-04-05,19,-0.698,-0.01
2026-04-05,20,14.83,17.06
2026-04-05,21,54.542,33.17
2026-04-05,22,75.39,64.387
2026-04-05,23,75.907,33.17
2026-04-05,24,56.023,32.56
2026-04-06,1,45.307,49.388
2026-04-06,2,38.542,49.148
2026-04-06,3,35.56,48.713
2026-04-06,4,34.93,39.405
2026-04-06,5,33.88,35.99
2026-04-06,6,34.472,44.47
2026-04-06,7,35.01,48.802
2026-04-06,8,35.017,52.36
2026-04-06,9,28.635,49.703
2026-04-06,10,5.77,11.555
2026-04-06,11,-1.705,0.0
2026-04-06,12,-4.25,-0.525
2026-04-06,13,-6.0,-1.0
2026-04-06,14,-6.0,-1.0
2026-04-06,15,-6.0,-1.0
2026-04-06,16,-6.0,-1.5
2026-04-06,17,-5.75,-0.75
2026-04-06,18,-2.73,-0.91
2026-04-06,19,0.232,2.26
2026-04-06,20,19.54,22.265
2026-04-06,21,40.237,40.242
2026-04-06,22,44.778,37.883
2026-04-06,23,36.862,38.112
2026-04-06,24,35.13,36.1
2026-04-07,1,32.23,27.907
2026-04-07,2,29.18,23.512
2026-04-07,3,23.555,27.225
2026-04-07,4,22.595,21.63
2026-04-07,5,23.425,23.09
2026-04-07,6,30.892,30.568
2026-04-07,7,36.875,39.465
2026-04-07,8,38.26,39.895
2026-04-07,9,37.36,45.43
2026-04-07,10,29.383,45.873
2026-04-07,11,5.3,21.663
2026-04-07,12,0.688,7.683
2026-04-07,13,0.0,5.923
2026-04-07,14,0.0,5.615
2026-04-07,15,0.0,5.433
2026-04-07,16,0.0,5.125
2026-04-07,17,0.278,4.527
2026-04-07,18,3.8,8.665
2026-04-07,19,26.782,26.203
2026-04-07,20,50.74,48.475
2026-04-07,21,91.657,74.7
2026-04-07,22,118.14,94.843
2026-04-07,23,89.24,73.17
2026-04-07,24,79.477,74.705
2026-04-08,1,70.395,72.285
2026-04-08,2,60.7,58.7
2026-04-08,3,61.44,58.0
2026-04-08,4,58.96,50.69
2026-04-08,5,59.32,47.565
2026-04-08,6,63.312,53.705
2026-04-08,7,84.95,65.442
2026-04-08,8,109.132,66.632
2026-04-08,9,121.275,74.735
2026-04-08,10,85.925,52.855
2026-04-08,11,56.383,24.87
2026-04-08,12,29.11,19.08
2026-04-08,13,12.64,15.98
2026-04-08,14,4.442,7.28
2026-04-08,15,3.025,4.987
2026-04-08,16,2.117,7.117
2026-04-08,17,3.228,8.727
2026-04-08,18,14.037,14.455
2026-04-08,19,46.975,28.925
2026-04-08,20,85.465,51.903
2026-04-08,21,113.905,83.905
2026-04-08,22,131.268,111.273
2026-04-08,23,114.21,99.63
2026-04-08,24,96.11,82.773
2026-04-09,1,95.108,95.84
2026-04-09,2,90.79,93.213
2026-04-09,3,80.688,86.76
2026-04-09,4,75.935,82.385
2026-04-09,5,74.172,75.352
2026-04-09,6,76.168,76.308
2026-04-09,7,93.438,93.812
2026-04-09,8,107.412,49.057
2026-04-09,9,99.317,84.8
2026-04-09,10,73.953,67.657
2026-04-09,11,25.695,29.942
2026-04-09,12,0.735,1.755
2026-04-09,13,-0.065,1.57
2026-04-09,14,-0.627,1.425
2026-04-09,15,-0.82,1.875
2026-04-09,16,-0.847,3.652
2026-04-09,17,-0.207,4.548
2026-04-09,18,-0.003,4.5
2026-04-09,19,12.047,25.275
2026-04-09,20,57.962,69.305
2026-04-09,21,77.998,90.515
2026-04-09,22,83.875,96.678
2026-04-09,23,69.558,85.632
2026-04-09,24,62.263,74.96
2026-04-10,1,47.98,42.865
2026-04-10,2,39.487,19.562
2026-04-10,3,39.8,26.1
2026-04-10,4,39.8,22.9
2026-04-10,5,39.862,28.508
2026-04-10,6,42.498,49.4
2026-04-10,7,61.41,45.79
2026-04-10,8,83.42,29.395
2026-04-10,9,86.005,34.837
2026-04-10,10,62.32,22.7
2026-04-10,11,18.288,1.9
2026-04-10,12,1.808,0.468
2026-04-10,13,0.287,0.312
2026-04-10,14,0.003,0.922
2026-04-10,15,0.003,2.505
2026-04-10,16,0.005,3.752
2026-04-10,17,0.212,3.623
2026-04-10,18,5.998,5.65
2026-04-10,19,36.773,24.665
2026-04-10,20,72.12,65.132
2026-04-10,21,104.85,94.41
2026-04-10,22,104.675,70.162
2026-04-10,23,93.255,59.858
2026-04-10,24,84.41,81.205
2026-04-11,1,81.942,83.33
2026-04-11,2,61.532,67.285
2026-04-11,3,51.4,63.72
2026-04-11,4,48.8,61.112
2026-04-11,5,43.42,56.917
2026-04-11,6,50.05,56.05
2026-04-11,7,63.39,62.115
2026-04-11,8,63.9,62.582
2026-04-11,9,58.578,53.447
2026-04-11,10,32.035,48.77
2026-04-11,11,8.655,26.675
2026-04-11,12,0.857,6.438
2026-04-11,13,0.0,2.412
2026-04-11,14,-0.163,2.442
2026-04-11,15,-0.758,1.448
2026-04-11,16,-1.438,1.167
2026-04-11,17,-1.252,0.253
2026-04-11,18,-0.203,2.1
2026-04-11,19,2.087,7.02
2026-04-11,20,13.348,39.41
2026-04-11,21,26.785,42.575
2026-04-11,22,34.642,34.6
2026-04-11,23,31.815,37.5
2026-04-11,24,24.392,32.767
2026-04-12,1,15.158,28.0
2026-04-12,2,11.045,24.98
2026-04-12,3,9.438,22.655
2026-04-12,4,10.938,10.438
2026-04-12,5,10.525,11.815
2026-04-12,6,10.817,11.773
2026-04-12,7,11.807,26.335
2026-04-12,8,10.518,15.02
2026-04-12,9,12.228,10.075
2026-04-12,10,10.843,9.225
2026-04-12,11,2.513,4.607
2026-04-12,12,0.263,8.008
2026-04-12,13,0.0,2.0
2026-04-12,14,0.0,1.75
2026-04-12,15,-0.005,0.738
2026-04-12,16,-0.427,0.003
2026-04-12,17,-0.81,0.0
2026-04-12,18,-0.718,0.25
2026-04-12,19,-0.015,3.377
2026-04-12,20,8.885,10.558
2026-04-12,21,26.98,11.515
2026-04-12,22,30.78,5.01
2026-04-12,23,34.865,34.865
2026-04-12,24,35.015,21.047
2026-04-13,1,30.177,24.115
2026-04-13,2,18.898,19.515
2026-04-13,3,14.5,28.165
2026-04-13,4,10.387,15.01
2026-04-13,5,7.795,20.547
2026-04-13,6,13.088,31.125
2026-04-13,7,20.887,23.63
2026-04-13,8,52.675,71.395
2026-04-13,9,26.123,51.932
2026-04-13,10,4.82,16.023
2026-04-13,11,1.458,5.495
2026-04-13,12,0.628,5.205
2026-04-13,13,0.0,4.86
2026-04-13,14,-0.01,4.43
2026-04-13,15,-0.04,4.4
2026-04-13,16,-0.015,2.907
2026-04-13,17,-0.01,2.0
2026-04-13,18,0.003,1.875
2026-04-13,19,4.612,7.018
2026-04-13,20,26.957,33.833
2026-04-13,21,82.235,80.35
2026-04-13,22,99.95,79.345
2026-04-13,23,89.775,81.065
2026-04-13,24,68.338,70.205
2026-04-14,1,65.477,69.97
2026-04-14,2,62.087,66.205
2026-04-14,3,63.525,63.688
2026-04-14,4,59.108,67.175
2026-04-14,5,57.25,67.425
2026-04-14,6,60.765,64.52
2026-04-14,7,73.3,61.795
2026-04-14,8,94.41,85.347
2026-04-14,9,81.39,82.032
2026-04-14,10,30.808,29.268
2026-04-14,11,3.675,28.885
2026-04-14,12,3.9,7.03
2026-04-14,13,3.9,7.03
2026-04-14,14,3.9,6.28
2026-04-14,15,2.0,4.13
2026-04-14,16,3.9,5.91
2026-04-14,17,3.9,6.03
2026-04-14,18,2.475,4.315
2026-04-14,19,3.795,9.775
2026-04-14,20,54.52,55.852
2026-04-14,21,97.115,96.825
2026-04-14,22,114.805,103.072
2026-04-14,23,98.868,95.368
2026-04-14,24,92.875,77.302
2026-04-15,1,103.74,92.14
2026-04-15,2,91.575,81.375
2026-04-15,3,84.143,73.942
2026-04-15,4,74.485,64.285
2026-04-15,5,74.5,64.3
2026-04-15,6,77.412,63.612
2026-04-15,7,92.695,78.695
2026-04-15,8,117.59,104.09
2026-04-15,9,100.02,81.442
2026-04-15,10,47.837,42.862
2026-04-15,11,3.902,15.725
2026-04-15,12,3.6,17.775
2026-04-15,13,3.1,15.725
2026-04-15,14,2.1,8.7
2026-04-15,15,2.0,8.6
2026-04-15,16,2.1,8.7
2026-04-15,17,2.0,8.6
2026-04-15,18,2.05,8.65
2026-04-15,19,5.107,12.133
2026-04-15,20,76.153,56.475
2026-04-15,21,125.74,115.54
2026-04-15,22,131.51,121.31
2026-04-15,23,121.15,110.95
2026-04-15,24,108.575,98.375
2026-04-17,1,119.917,102.562
2026-04-17,2,114.892,101.977
2026-04-17,3,112.532,103.705
2026-04-17,4,106.028,101.975
2026-04-17,5,104.58,101.3
2026-04-17,6,109.33,100.278
2026-04-17,7,111.177,101.243
2026-04-17,8,116.435,105.28
2026-04-17,9,112.46,111.772
2026-04-17,10,81.227,72.435
2026-04-17,11,21.645,19.56
2026-04-17,12,1.012,3.765
2026-04-17,13,0.005,3.317
2026-04-17,14,0.0,0.647
2026-04-17,15,0.0,0.0
2026-04-17,16,0.0,0.0
2026-04-17,17,0.0,0.037
2026-04-17,18,1.005,2.468
2026-04-17,19,44.987,40.36
2026-04-17,20,87.42,77.358
2026-04-17,21,115.808,110.773
2026-04-17,22,123.005,117.502
2026-04-17,23,114.257,108.448
2026-04-17,24,103.265,102.028
2026-04-18,1,96.633,98.835
2026-04-18,2,90.955,93.585
2026-04-18,3,83.282,90.3
2026-04-18,4,77.243,80.08
2026-04-18,5,75.04,70.907
2026-04-18,6,76.703,72.543
2026-04-18,7,83.293,84.517
2026-04-18,8,84.978,88.797
2026-04-18,9,63.028,65.983
2026-04-18,10,20.477,21.26
2026-04-18,11,1.78,0.85
2026-04-18,12,-0.703,0.99
2026-04-18,13,-1.035,0.99
2026-04-18,14,-2.053,0.247
2026-04-18,15,-2.078,-0.25
2026-04-18,16,-1.328,-0.125
2026-04-18,17,-0.907,0.0
2026-04-18,18,-0.105,0.005
2026-04-18,19,3.625,17.5
2026-04-18,20,41.968,50.6
2026-04-18,21,79.515,78.388
2026-04-18,22,83.875,83.597
2026-04-18,23,81.662,88.865
2026-04-18,24,81.638,80.983
2026-04-19,1,69.9,38.347
2026-04-19,2,60.465,42.212
2026-04-19,3,54.148,26.308
2026-04-19,4,48.95,14.425
2026-04-19,5,45.655,12.29
2026-04-19,6,58.18,19.887
2026-04-19,7,65.83,30.27
2026-04-19,8,70.757,18.623
2026-04-19,9,37.575,5.375
2026-04-19,10,2.38,12.27
2026-04-19,11,-0.583,3.385
2026-04-19,12,-1.98,1.272
2026-04-19,13,-2.1,0.9
2026-04-19,14,-2.1,0.0
2026-04-19,15,-3.005,0.315
2026-04-19,16,-3.002,0.497
2026-04-19,17,-4.277,-0.623
2026-04-19,18,-1.282,0.258
2026-04-19,19,0.502,2.492
2026-04-19,20,35.49,36.35
2026-04-19,21,77.875,76.983
2026-04-19,22,87.632,87.095
2026-04-19,23,86.718,91.373
2026-04-19,24,85.535,90.897
2026-04-20,1,81.025,88.14
2026-04-20,2,75.903,89.013
2026-04-20,3,74.715,90.01
2026-04-20,4,72.78,81.69
2026-04-20,5,74.127,84.168
2026-04-20,6,76.627,88.453
2026-04-20,7,79.475,77.858
2026-04-20,8,91.8,87.358
2026-04-20,9,81.032,81.215
2026-04-20,10,54.513,26.992
2026-04-20,11,4.54,7.037
2026-04-20,12,2.25,5.635
2026-04-20,13,2.125,5.51
2026-04-20,14,0.722,3.982
2026-04-20,15,0.0,3.51
2026-04-20,16,0.0,3.51
2026-04-20,17,0.253,4.135
2026-04-20,18,2.627,5.885
2026-04-20,19,23.367,7.262
2026-04-20,20,55.623,40.58
2026-04-20,21,91.35,84.638
2026-04-20,22,109.545,91.808
2026-04-20,23,92.828,72.195
2026-04-20,24,82.175,77.373
2026-04-21,1,87.8,95.983
2026-04-21,2,79.92,90.892
2026-04-21,3,76.332,86.65
2026-04-21,4,74.282,80.2
2026-04-21,5,72.28,83.49
2026-04-21,6,73.085,81.523
2026-04-21,7,74.92,84.112
2026-04-21,8,81.585,96.355
2026-04-21,9,70.315,79.195
2026-04-21,10,35.922,50.465
2026-04-21,11,4.272,12.773
2026-04-21,12,0.212,10.94
2026-04-21,13,-0.003,5.373
2026-04-21,14,-0.037,7.138
2026-04-21,15,-0.105,12.21
2026-04-21,16,-0.107,13.092
2026-04-21,17,-0.068,6.348
2026-04-21,18,0.212,6.762
2026-04-21,19,5.152,10.527
2026-04-21,20,37.343,40.24
2026-04-21,21,75.82,81.835
2026-04-21,22,83.852,88.852
2026-04-21,23,77.92,77.795
2026-04-21,24,75.77,74.435
2026-04-23,1,89.028,81.92
2026-04-23,2,81.33,64.522
2026-04-23,3,81.975,62.635
2026-04-23,4,81.13,63.415
2026-04-23,5,80.85,62.078
2026-04-23,6,80.86,58.445
2026-04-23,7,82.115,64.552
2026-04-23,8,89.055,75.96
2026-04-23,9,85.55,77.832
2026-04-23,10,38.905,45.502
2026-04-23,11,4.468,22.532
2026-04-23,12,2.938,20.637
2026-04-23,13,1.938,20.802
2026-04-23,14,1.297,20.985
2026-04-23,15,0.0,18.415
2026-04-23,16,0.0,22.527
2026-04-23,17,1.297,29.09
2026-04-23,18,1.67,28.035
2026-04-23,19,12.7,21.92
2026-04-23,20,47.82,65.243
2026-04-23,21,75.615,83.95
2026-04-23,22,89.468,91.867
2026-04-23,23,80.905,80.405
2026-04-23,24,78.75,81.898
2026-04-24,1,84.17,100.56
2026-04-24,2,82.91,98.08
2026-04-24,3,81.78,94.63
2026-04-24,4,81.72,94.335
2026-04-24,5,82.02,96.315
2026-04-24,6,84.47,101.095
2026-04-24,7,93.873,101.62
2026-04-24,8,105.115,105.795
2026-04-24,9,101.09,101.3
2026-04-24,10,90.725,74.885
2026-04-24,11,79.66,71.91
2026-04-24,12,51.477,59.26
2026-04-24,13,25.37,45.57
2026-04-24,14,20.5,46.133
2026-04-24,15,15.518,32.462
2026-04-24,16,14.71,32.45
2026-04-24,17,20.295,41.752
2026-04-24,18,42.752,44.285
2026-04-24,19,76.157,42.222
2026-04-24,20,95.27,69.98
2026-04-24,21,103.428,102.498
2026-04-24,22,112.855,107.88
2026-04-24,23,103.355,100.403
2026-04-24,24,94.16,94.757
2026-04-25,1,92.412,106.358
2026-04-25,2,89.558,104.875
2026-04-25,3,88.832,101.917
2026-04-25,4,89.213,101.38
2026-04-25,5,89.007,100.28
2026-04-25,6,88.655,100.43
2026-04-25,7,88.92,101.0
2026-04-25,8,88.075,102.733
2026-04-25,9,72.782,63.41
2026-04-25,10,21.913,30.215
2026-04-25,11,3.103,6.377
2026-04-25,12,0.34,18.57
2026-04-25,13,-0.003,14.17
2026-04-25,14,-0.003,15.105
2026-04-25,15,-0.01,13.23
2026-04-25,16,-0.01,14.657
2026-04-25,17,-0.005,13.235
2026-04-25,18,0.955,17.238
2026-04-25,19,14.75,13.697
2026-04-25,20,52.572,68.425
2026-04-25,21,73.822,97.25
2026-04-25,22,89.633,106.873
2026-04-25,23,87.718,104.292
2026-04-25,24,86.692,102.98
2026-04-26,1,77.53,58.657
2026-04-26,2,60.903,57.477
2026-04-26,3,55.2,56.205
2026-04-26,4,49.498,70.1
2026-04-26,5,50.0,69.053
2026-04-26,6,53.525,62.742
2026-04-26,7,64.585,55.532
2026-04-26,8,65.41,49.197
2026-04-26,9,24.938,26.89
2026-04-26,10,0.103,10.68
2026-04-26,11,-2.075,1.925
2026-04-26,12,-2.01,1.81
2026-04-26,13,-2.01,1.93
2026-04-26,14,-2.01,1.99
2026-04-26,15,-2.01,1.81
2026-04-26,16,-3.0,0.0
2026-04-26,17,-3.0,0.0
2026-04-26,18,-0.56,2.645
2026-04-26,19,2.982,15.42
2026-04-26,20,31.227,36.057
2026-04-26,21,72.767,75.12
2026-04-26,22,93.16,103.725
2026-04-26,23,95.078,95.155
2026-04-26,24,81.8,92.625
2026-04-27,1,81.742,63.055
2026-04-27,2,77.9,48.2
2026-04-27,3,63.843,28.277
2026-04-27,4,58.752,18.428
2026-04-27,5,54.96,31.4
2026-04-27,6,69.595,53.0
2026-04-27,7,89.45,82.24
2026-04-27,8,99.907,95.072
2026-04-27,9,82.663,83.215
2026-04-27,10,24.797,33.365
2026-04-27,11,1.022,6.495
2026-04-27,12,-0.007,3.397
2026-04-27,13,-0.098,2.855
2026-04-27,14,-0.83,2.85
2026-04-27,15,-0.497,2.185
2026-04-27,16,-0.36,3.63
2026-04-27,17,-0.035,3.955
2026-04-27,18,0.405,4.9
2026-04-27,19,9.83,17.622
2026-04-27,20,63.85,65.127
2026-04-27,21,86.43,89.588
2026-04-27,22,97.157,97.968
2026-04-27,23,85.703,87.998
2026-04-27,24,81.465,82.015
2026-04-28,1,83.965,79.205
2026-04-28,2,79.638,90.472
2026-04-28,3,76.558,86.08
2026-04-28,4,74.5,67.28
2026-04-28,5,74.325,66.817
2026-04-28,6,77.675,72.095
2026-04-28,7,84.192,70.312
2026-04-28,8,93.868,82.75
2026-04-28,9,88.84,85.573
2026-04-28,10,59.035,62.303
2026-04-28,11,11.31,16.637
2026-04-28,12,1.045,9.322
2026-04-28,13,0.465,10.465
2026-04-28,14,0.01,10.01
2026-04-28,15,0.007,10.008
2026-04-28,16,1.323,11.322
2026-04-28,17,1.85,11.85
2026-04-28,18,7.857,19.185
2026-04-28,19,41.337,35.663
2026-04-28,20,82.23,84.727
2026-04-28,21,98.2,95.69
2026-04-28,22,109.455,105.168
2026-04-28,23,99.323,95.597
2026-04-28,24,91.157,88.517
2026-04-29,1,98.532,109.175
2026-04-29,2,92.597,105.882
2026-04-29,3,89.75,100.795
2026-04-29,4,89.34,102.713
2026-04-29,5,89.138,100.938
2026-04-29,6,91.48,98.92
2026-04-29,7,106.115,103.438
2026-04-29,8,108.297,111.245
2026-04-29,9,105.148,101.01
2026-04-29,10,97.752,64.435
2026-04-29,11,93.678,48.23
2026-04-29,12,64.433,38.59
2026-04-29,13,42.51,38.38
2026-04-29,14,29.252,34.273
2026-04-29,15,21.873,25.175
2026-04-29,16,14.223,14.223
2026-04-29,17,17.748,18.523
2026-04-29,18,29.3,36.105
2026-04-29,19,40.157,40.865
2026-04-29,20,77.998,84.975
2026-04-29,21,101.722,99.463
2026-04-29,22,112.07,107.797
2026-04-29,23,102.875,101.453
2026-04-29,24,101.312,94.265
2026-04-30,1,99.865,107.34
2026-04-30,2,100.468,106.525
2026-04-30,3,96.118,104.39
2026-04-30,4,95.218,103.75
2026-04-30,5,97.615,104.433
2026-04-30,6,96.715,98.34
2026-04-30,7,100.722,103.337
2026-04-30,8,111.155,125.737
2026-04-30,9,98.235,115.297
2026-04-30,10,66.065,80.578
2026-04-30,11,11.828,25.553
2026-04-30,12,1.133,7.633
2026-04-30,13,2.0,8.5
2026-04-30,14,1.795,8.295
2026-04-30,15,0.607,7.107
2026-04-30,16,1.688,8.188
2026-04-30,17,1.95,11.395
2026-04-30,18,4.185,14.415
2026-04-30,19,27.387,39.017
2026-04-30,20,78.15,72.153
2026-04-30,21,113.245,116.48
2026-04-30,22,125.405,122.32
2026-04-30,23,115.85,110.885
2026-04-30,24,107.45,104.507
2026-05-01,1,107.635,72.2
2026-05-01,2,103.005,70.412
2026-05-01,3,102.9,60.0
2026-05-01,4,102.59,65.662
2026-05-01,5,102.3,60.0
2026-05-01,6,102.72,60.0
2026-05-01,7,105.385,61.388
2026-05-01,8,103.845,60.0
2026-05-01,9,77.517,49.525
2026-05-01,10,23.29,20.99
2026-05-01,11,0.207,1.938
2026-05-01,12,0.0,2.188
2026-05-01,13,-1.005,2.188
2026-05-01,14,-1.515,1.62
2026-05-01,15,-1.52,0.74
2026-05-01,16,-2.0,0.0
2026-05-01,17,-1.868,-1.215
2026-05-01,18,-0.393,1.938
2026-05-01,19,11.205,18.398
2026-05-01,20,55.712,65.71
2026-05-01,21,95.35,105.275
2026-05-01,22,104.763,110.775
2026-05-01,23,103.89,108.463
2026-05-01,24,97.832,100.697
2026-05-02,1,87.325,80.355
2026-05-02,2,84.942,85.907
2026-05-02,3,70.35,68.85
2026-05-02,4,54.138,85.468
2026-05-02,5,54.513,70.39
2026-05-02,6,54.385,88.415
2026-05-02,7,54.832,94.575
2026-05-02,8,53.845,79.183
2026-05-02,9,53.263,46.21
2026-05-02,10,43.818,50.595
2026-05-02,11,24.345,51.597
2026-05-02,12,5.713,10.74
2026-05-02,13,0.775,5.412
2026-05-02,14,0.005,5.005
2026-05-02,15,0.0,5.0
2026-05-02,16,-0.005,2.835
2026-05-02,17,-0.005,1.613
2026-05-02,18,2.592,4.755
2026-05-02,19,12.745,19.65
2026-05-02,20,52.125,58.337
2026-05-02,21,73.207,83.31
2026-05-02,22,90.605,100.692
2026-05-02,23,90.852,96.02
2026-05-02,24,82.875,87.125
2026-05-03,1,86.825,82.025
2026-05-03,2,81.14,73.35
2026-05-03,3,75.05,52.675
2026-05-03,4,75.765,56.697
2026-05-03,5,68.86,75.42
2026-05-03,6,58.555,61.98
2026-05-03,7,62.582,76.493
2026-05-03,8,75.33,65.948
2026-05-03,9,48.087,30.658
2026-05-03,10,25.91,37.362
2026-05-03,11,4.197,5.03
2026-05-03,12,0.338,0.757
2026-05-03,13,0.007,0.848
2026-05-03,14,-0.01,1.26
2026-05-03,15,-0.013,3.87
2026-05-03,16,-0.01,2.808
2026-05-03,17,-0.005,3.628
2026-05-03,18,3.475,3.788
2026-05-03,19,18.248,18.017
2026-05-03,20,68.695,64.56
2026-05-03,21,96.42,94.865
2026-05-03,22,103.06,107.477
2026-05-03,23,105.272,109.472
2026-05-03,24,97.33,108.365
2026-05-04,1,114.822,99.043
2026-05-04,2,105.12,90.293
2026-05-04,3,97.445,83.36
2026-05-04,4,94.2,78.55
2026-05-04,5,94.675,79.275
2026-05-04,6,101.415,86.715
2026-05-04,7,114.625,99.685
2026-05-04,8,133.948,112.957
2026-05-04,9,119.26,102.485
2026-05-04,10,85.457,95.377
2026-05-04,11,41.865,82.855
2026-05-04,12,4.2,45.168
2026-05-04,13,0.998,24.312
2026-05-04,14,0.467,24.793
2026-05-04,15,0.005,14.253
2026-05-04,16,0.0,7.547
2026-05-04,17,0.0,5.41
2026-05-04,18,0.343,15.935
2026-05-04,19,3.595,37.983
2026-05-04,20,53.017,39.918
2026-05-04,21,105.14,103.645
2026-05-04,22,113.017,114.975
2026-05-04,23,115.662,115.215
2026-05-04,24,111.802,108.483
2026-05-05,1,107.99,114.18
2026-05-05,2,102.28,109.412
2026-05-05,3,98.433,112.513
2026-05-05,4,98.595,111.248
2026-05-05,5,99.097,109.425
2026-05-05,6,101.015,106.195
2026-05-05,7,103.99,103.58
2026-05-05,8,118.8,112.7
2026-05-05,9,104.772,102.517
2026-05-05,10,70.183,75.758
2026-05-05,11,19.265,32.117
2026-05-05,12,1.357,12.905
2026-05-05,13,0.84,10.67
2026-05-05,14,0.735,8.735
2026-05-05,15,0.385,10.375
2026-05-05,16,0.01,17.055
2026-05-05,17,0.13,5.635
2026-05-05,18,1.88,9.15
2026-05-05,19,18.32,32.433
2026-05-05,20,69.6,58.902
2026-05-05,21,102.11,108.812
2026-05-05,22,114.36,115.675
2026-05-05,23,109.917,116.335
2026-05-05,24,100.127,111.743
2026-05-06,1,114.907,120.175
2026-05-06,2,108.42,116.01
2026-05-06,3,108.668,114.57
2026-05-06,4,108.28,113.987
2026-05-06,5,109.11,113.192
2026-05-06,6,109.498,113.35
2026-05-06,7,117.75,110.2
2026-05-06,8,124.23,120.933
2026-05-06,9,110.92,89.817
2026-05-06,10,66.903,47.405
2026-05-06,11,17.92,8.672
2026-05-06,12,1.395,0.505
2026-05-06,13,2.0,4.312
2026-05-06,14,2.05,4.8
2026-05-06,15,2.05,8.27
2026-05-06,16,2.042,8.27
2026-05-06,17,6.245,10.485
2026-05-06,18,29.91,21.935
2026-05-06,19,60.413,22.145
2026-05-06,20,91.653,52.555
2026-05-06,21,129.505,123.383
2026-05-06,22,139.34,138.707
2026-05-06,23,137.23,136.89
2026-05-06,24,128.92,123.775
2026-05-07,1,125.205,107.612
2026-05-07,2,116.498,105.377
2026-05-07,3,113.84,108.27
2026-05-07,4,108.765,104.69
2026-05-07,5,108.12,101.148
2026-05-07,6,114.83,105.162
2026-05-07,7,123.525,105.21
2026-05-07,8,134.54,107.573
2026-05-07,9,118.443,97.653
2026-05-07,10,89.227,47.097
2026-05-07,11,52.005,39.877
2026-05-07,12,24.275,19.1
2026-05-07,13,20.0,23.498
2026-05-07,14,20.0,19.9
2026-05-07,15,19.235,18.96
2026-05-07,16,20.525,23.86
2026-05-07,17,24.047,23.003
2026-05-07,18,43.558,47.058
2026-05-07,19,66.155,61.625
2026-05-07,20,98.3,79.672
2026-05-07,21,128.52,115.12
2026-05-07,22,140.877,129.225
2026-05-07,23,139.157,125.35
2026-05-07,24,125.755,114.292
2026-05-08,1,108.697,94.15
2026-05-08,2,105.54,90.148
2026-05-08,3,101.993,82.067
2026-05-08,4,103.39,74.71
2026-05-08,5,101.363,73.882
2026-05-08,6,101.93,82.095
2026-05-08,7,103.775,93.67
2026-05-08,8,105.1,93.47
2026-05-08,9,93.382,84.323
2026-05-08,10,71.015,67.493
2026-05-08,11,31.043,21.24
2026-05-08,12,10.023,37.483
2026-05-08,13,2.042,11.322
2026-05-08,14,0.757,4.758
2026-05-08,15,0.15,4.15
2026-05-08,16,0.08,3.752
2026-05-08,17,0.757,2.96
2026-05-08,18,5.215,6.19
2026-05-08,19,32.11,38.968
2026-05-08,20,72.75,78.188
2026-05-08,21,94.285,94.91
2026-05-08,22,108.638,105.035
2026-05-08,23,103.457,99.985
2026-05-08,24,94.927,93.885
2026-05-09,1,77.43,47.385
2026-05-09,2,64.243,43.13
2026-05-09,3,43.6,33.5
2026-05-09,4,35.02,36.987
2026-05-09,5,35.013,38.95
2026-05-09,6,35.015,39.185
2026-05-09,7,36.102,63.578
2026-05-09,8,40.11,74.72
2026-05-09,9,37.883,75.412
2026-05-09,10,34.428,75.638
2026-05-09,11,23.79,34.468
2026-05-09,12,2.897,17.315
2026-05-09,13,0.757,11.17
2026-05-09,14,0.133,11.17
2026-05-09,15,0.0,9.377
2026-05-09,16,0.0,7.335
2026-05-09,17,0.092,9.398
2026-05-09,18,0.615,8.2
2026-05-09,19,15.735,15.322
2026-05-09,20,41.93,40.832
2026-05-09,21,65.2,59.09
2026-05-09,22,78.53,68.9
2026-05-09,23,74.632,66.975
2026-05-09,24,65.835,60.835
2026-05-10,1,39.645,37.983
2026-05-10,2,33.758,18.8
2026-05-10,3,18.065,12.14
2026-05-10,4,14.47,12.14
2026-05-10,5,16.108,12.898
2026-05-10,6,16.335,12.898
2026-05-10,7,16.253,14.412
2026-05-10,8,17.605,13.62
2026-05-10,9,12.405,9.4
2026-05-10,10,7.725,15.315
2026-05-10,11,0.013,13.928
2026-05-10,12,-0.015,4.075
2026-05-10,13,-0.062,4.355
2026-05-10,14,-0.557,4.293
2026-05-10,15,-0.68,4.117
2026-05-10,16,-0.815,2.14
2026-05-10,17,-0.82,3.09
2026-05-10,18,-0.41,3.035
2026-05-10,19,0.212,5.213
2026-05-10,20,13.803,27.825
2026-05-10,21,50.49,54.512
2026-05-10,22,72.75,76.295
2026-05-10,23,76.56,73.375
2026-05-10,24,66.763,70.355
2026-05-11,1,60.123,59.305
2026-05-11,2,56.502,60.0
2026-05-11,3,55.483,48.672
2026-05-11,4,52.127,38.097
2026-05-11,5,41.307,25.5
2026-05-11,6,57.683,49.895
2026-05-11,7,60.385,56.112
2026-05-11,8,83.75,91.638
2026-05-11,9,64.82,69.785
2026-05-11,10,33.752,46.195
2026-05-11,11,16.995,16.69
2026-05-11,12,4.145,3.705
2026-05-11,13,3.395,3.638
2026-05-11,14,1.275,1.49
2026-05-11,15,1.282,1.333
2026-05-11,16,0.675,0.443
2026-05-11,17,0.135,0.095
2026-05-11,18,1.195,3.07
2026-05-11,19,24.262,22.812
2026-05-11,20,77.5,60.45
2026-05-11,21,121.793,106.11
2026-05-11,22,187.567,142.55
2026-05-11,23,139.828,120.718
2026-05-11,24,117.873,108.928
2026-05-12,1,108.665,96.218
2026-05-12,2,105.257,98.515
2026-05-12,3,99.555,81.328
2026-05-12,4,98.722,81.422
2026-05-12,5,99.172,82.672
2026-05-12,6,103.005,88.143
2026-05-12,7,112.672,96.0
2026-05-12,8,122.737,111.74
2026-05-12,9,112.145,99.942
2026-05-12,10,94.075,83.132
2026-05-12,11,43.43,50.03
2026-05-12,12,18.8,31.308
2026-05-12,13,15.527,39.19
2026-05-12,14,6.0,18.77
2026-05-12,15,3.69,23.082
2026-05-12,16,2.605,19.935
2026-05-12,17,2.0,17.47
2026-05-12,18,3.123,15.855
2026-05-12,19,11.637,28.277
2026-05-12,20,49.71,57.273
2026-05-12,21,107.11,104.493
2026-05-12,22,123.47,117.058
2026-05-12,23,121.657,112.24
2026-05-12,24,107.155,105.838
2026-05-13,1,85.677,80.047
2026-05-13,2,82.94,83.352
2026-05-13,3,80.25,81.172
2026-05-13,4,79.425,79.2
2026-05-13,5,80.892,82.43
2026-05-13,6,82.76,83.832
2026-05-13,7,82.335,84.903
2026-05-13,8,87.183,94.68
2026-05-13,9,67.595,89.085
2026-05-13,10,25.91,49.855
2026-05-13,11,1.373,11.273
2026-05-13,12,1.0,10.9
2026-05-13,13,0.178,10.078
2026-05-13,14,0.04,9.115
2026-05-13,15,0.003,8.803
2026-05-13,16,-0.003,5.072
2026-05-13,17,-0.007,4.2
2026-05-13,18,0.0,4.402
2026-05-13,19,1.715,6.603
2026-05-13,20,35.093,39.528
2026-05-13,21,84.595,88.362
2026-05-13,22,106.888,113.672
2026-05-13,23,99.368,103.965
2026-05-13,24,86.82,91.705
2026-05-14,1,105.22,58.748
2026-05-14,2,101.31,58.633
2026-05-14,3,97.305,51.33
2026-05-14,4,95.365,45.365
2026-05-14,5,92.828,37.097
2026-05-14,6,92.1,43.025
2026-05-14,7,99.925,67.41
2026-05-14,8,98.743,94.493
2026-05-14,9,79.3,86.035
2026-05-14,10,14.128,22.675
2026-05-14,11,2.075,7.4
2026-05-14,12,0.133,5.308
2026-05-14,13,0.0,6.19
2026-05-14,14,0.0,2.56
2026-05-14,15,0.0,3.002
2026-05-14,16,0.0,0.125
2026-05-14,17,-0.007,0.07
2026-05-14,18,-0.003,0.21
2026-05-14,19,0.838,3.663
2026-05-14,20,29.858,24.8
2026-05-14,21,82.332,83.91
2026-05-14,22,98.052,102.0
2026-05-14,23,98.67,100.245
2026-05-14,24,91.977,93.297
2026-05-15,1,80.79,51.532
2026-05-15,2,70.303,29.015
2026-05-15,3,62.155,37.767
2026-05-15,4,49.29,26.97
2026-05-15,5,41.2,17.5
2026-05-15,6,47.5,26.182
2026-05-15,7,67.422,37.42
2026-05-15,8,73.3,35.495
2026-05-15,9,53.65,15.013
2026-05-15,10,14.89,12.482
2026-05-15,11,0.902,3.407
2026-05-15,12,0.005,2.005
2026-05-15,13,0.0,2.01
2026-05-15,14,0.0,0.43
2026-05-15,15,0.0,0.02
2026-05-15,16,-0.01,0.003
2026-05-15,17,-0.007,0.003
2026-05-15,18,0.0,0.223
2026-05-15,19,1.232,3.992
2026-05-15,20,14.697,30.922
2026-05-15,21,63.45,62.2
2026-05-15,22,87.82,87.0
2026-05-15,23,92.84,90.86
2026-05-15,24,84.055,75.317
2026-05-16,1,77.88,98.815
2026-05-16,2,70.805,93.29
2026-05-16,3,70.92,86.852
2026-05-16,4,69.995,81.89
2026-05-16,5,64.975,83.2
2026-05-16,6,65.23,84.657
2026-05-16,7,68.562,83.645
2026-05-16,8,67.418,75.278
2026-05-16,9,32.775,45.458
2026-05-16,10,0.25,4.0
2026-05-16,11,-0.005,0.235
2026-05-16,12,0.005,24.84
2026-05-16,13,0.0,5.5
2026-05-16,14,0.0,1.705
2026-05-16,15,-0.448,0.525
2026-05-16,16,-0.84,1.0
2026-05-16,17,-0.91,0.5
2026-05-16,18,-0.292,0.557
2026-05-16,19,0.21,2.5
2026-05-16,20,28.315,23.093
2026-05-16,21,76.095,78.282
2026-05-16,22,101.153,106.153
2026-05-16,23,111.44,115.178
2026-05-16,24,100.66,98.0
2026-05-17,1,94.0,88.8
2026-05-17,2,87.218,77.0
2026-05-17,3,76.157,64.132
2026-05-17,4,66.035,58.498
2026-05-17,5,70.0,58.803
2026-05-17,6,70.483,62.58
2026-05-17,7,68.33,70.203
2026-05-17,8,58.972,45.262
2026-05-17,9,33.095,33.135
2026-05-17,10,8.008,18.97
2026-05-17,11,0.838,11.36
2026-05-17,12,0.0,2.56
2026-05-17,13,0.0,3.583
2026-05-17,14,0.0,2.3
2026-05-17,15,0.0,1.29
2026-05-17,16,-0.005,1.675
2026-05-17,17,0.0,1.005
2026-05-17,18,0.003,5.645
2026-05-17,19,2.087,38.78
2026-05-17,20,33.443,46.16
2026-05-17,21,89.17,78.765
2026-05-17,22,114.475,99.475
2026-05-17,23,119.005,104.005
2026-05-17,24,107.51,84.983
2026-05-18,1,93.013,77.743
2026-05-18,2,87.225,65.457
2026-05-18,3,83.26,68.05
2026-05-18,4,79.37,58.727
2026-05-18,5,81.165,58.415
2026-05-18,6,87.04,68.25
2026-05-18,7,100.79,69.96
2026-05-18,8,111.885,116.768
2026-05-18,9,101.037,98.83
2026-05-18,10,65.192,99.28
2026-05-18,11,17.637,89.42
2026-05-18,12,0.958,76.145
2026-05-18,13,0.26,44.383
2026-05-18,14,0.01,40.407
2026-05-18,15,0.0,36.5
2026-05-18,16,0.0,28.505
2026-05-18,17,0.003,26.355
2026-05-18,18,0.66,36.885
2026-05-18,19,14.948,74.24
2026-05-18,20,66.13,71.347
2026-05-18,21,105.63,103.403
2026-05-18,22,129.085,127.812
2026-05-18,23,125.698,120.737
2026-05-18,24,106.175,104.57
2026-05-19,1,95.347,110.562
2026-05-19,2,74.865,82.43
2026-05-19,3,65.963,80.828
2026-05-19,4,61.468,69.993
2026-05-19,5,50.297,52.29
2026-05-19,6,59.955,58.98
2026-05-19,7,61.89,60.867
2026-05-19,8,77.27,74.627
2026-05-19,9,71.27,56.655
2026-05-19,10,25.31,28.05
2026-05-19,11,1.345,37.375
2026-05-19,12,1.302,23.91
2026-05-19,13,0.015,6.225
2026-05-19,14,0.0,5.532
2026-05-19,15,0.0,4.23
2026-05-19,16,0.0,2.83
2026-05-19,17,0.0,1.438
2026-05-19,18,0.025,2.73
2026-05-19,19,8.3,4.305
2026-05-19,20,47.71,32.93
2026-05-19,21,76.315,68.0
2026-05-19,22,116.678,104.983
2026-05-19,23,112.14,106.045
2026-05-19,24,94.13,99.745
2026-05-20,1,95.487,112.67
2026-05-20,2,88.787,108.47
2026-05-20,3,82.142,90.79
2026-05-20,4,77.38,76.547
2026-05-20,5,76.34,75.022
2026-05-20,6,78.945,75.615
2026-05-20,7,102.912,93.562
2026-05-20,8,108.382,106.29
2026-05-20,9,79.0,75.42
2026-05-20,10,28.925,41.828
2026-05-20,11,1.377,35.818
2026-05-20,12,2.018,62.017
2026-05-20,13,0.033,6.002
2026-05-20,14,0.01,4.115
2026-05-20,15,0.007,4.0
2026-05-20,16,0.005,4.0
2026-05-20,17,0.007,4.0
2026-05-20,18,0.01,4.425
2026-05-20,19,3.2,27.26
2026-05-20,20,44.535,58.212
2026-05-20,21,102.023,102.95
2026-05-20,22,129.17,129.475
2026-05-20,23,132.065,127.405
2026-05-20,24,117.36,115.765
2026-05-21,1,112.188,118.25
2026-05-21,2,99.312,112.115
2026-05-21,3,96.02,112.55
2026-05-21,4,87.24,105.317
2026-05-21,5,83.04,96.44
2026-05-21,6,92.52,109.48
2026-05-21,7,97.385,109.428
2026-05-21,8,106.252,116.785
2026-05-21,9,78.358,105.185
2026-05-21,10,15.13,34.763
2026-05-21,11,0.013,9.17
2026-05-21,12,0.013,9.17
2026-05-21,13,0.003,7.495
2026-05-21,14,0.0,2.495
2026-05-21,15,0.0,2.245
2026-05-21,16,0.0,2.248
2026-05-21,17,0.003,2.085
2026-05-21,18,0.03,7.78
2026-05-21,19,8.235,51.49
2026-05-21,20,62.52,85.235
2026-05-21,21,103.203,107.082
2026-05-21,22,123.198,123.123
2026-05-21,23,119.545,119.58
2026-05-21,24,103.73,104.425
2026-05-22,1,110.36,110.065
2026-05-22,2,97.845,100.782
2026-05-22,3,84.427,94.4
2026-05-22,4,82.12,94.32
2026-05-22,5,81.775,96.515
2026-05-22,6,88.22,108.22
2026-05-22,7,102.06,111.487
2026-05-22,8,104.37,118.015
2026-05-22,9,75.367,80.4
2026-05-22,10,23.17,53.97
2026-05-22,11,0.763,16.953
2026-05-22,12,0.0,1.75
2026-05-22,13,-0.003,2.5
2026-05-22,14,-0.01,9.87
2026-05-22,15,-0.01,5.467
2026-05-22,16,-0.003,6.96
2026-05-22,17,0.0,9.88
2026-05-22,18,0.135,10.67
2026-05-22,19,9.55,59.547
2026-05-22,20,48.985,79.425
2026-05-22,21,91.005,94.168
2026-05-22,22,116.42,120.0
2026-05-22,23,120.005,115.755
2026-05-22,24,110.713,104.547
2026-05-23,1,103.48,112.445
2026-05-23,2,80.44,96.362
2026-05-23,3,61.058,74.225
2026-05-23,4,46.875,68.593
2026-05-23,5,50.0,70.0
2026-05-23,6,45.67,65.67
2026-05-23,7,46.295,74.0
2026-05-23,8,50.525,69.587
2026-05-23,9,21.17,40.57
2026-05-23,10,1.6,4.603
2026-05-23,11,-0.333,1.725
2026-05-23,12,-1.633,3.152
2026-05-23,13,-2.0,1.625
2026-05-23,14,-2.0,1.127
2026-05-23,15,-2.05,0.46
2026-05-23,16,-2.0,1.065
2026-05-23,17,-1.018,2.482
2026-05-23,18,-0.37,5.57
2026-05-23,19,3.74,15.25
2026-05-23,20,38.453,51.457
2026-05-23,21,62.46,65.412
2026-05-23,22,94.895,100.455
2026-05-23,23,103.532,104.37
2026-05-23,24,78.945,81.355
2026-05-24,1,64.067,51.835
2026-05-24,2,43.63,28.365
2026-05-24,3,35.02,11.655
2026-05-24,4,35.013,0.0
2026-05-24,5,35.01,1.868
2026-05-24,6,35.02,13.14
2026-05-24,7,35.02,17.637
2026-05-24,8,33.028,6.905
2026-05-24,9,8.693,-0.622
2026-05-24,10,-0.028,-3.35
2026-05-24,11,-0.815,-5.28
2026-05-24,12,-2.025,-9.482
2026-05-24,13,-2.1,-2.487
2026-05-24,14,-2.1,-2.615
2026-05-24,15,-2.1,-2.737
2026-05-24,16,-2.1,-2.12
2026-05-24,17,-1.232,-4.115
2026-05-24,18,-0.007,-2.635
2026-05-24,19,5.035,1.235
2026-05-24,20,16.4,9.593
2026-05-24,21,54.228,54.23
2026-05-24,22,84.855,89.567
2026-05-24,23,89.797,93.905
2026-05-24,24,69.282,78.188
2026-05-25,1,37.977,11.635
2026-05-25,2,34.568,21.468
2026-05-25,3,24.37,21.575
2026-05-25,4,24.343,21.635
2026-05-25,5,24.572,29.877
2026-05-25,6,31.95,35.16
2026-05-25,7,54.335,21.312
2026-05-25,8,66.433,65.953
2026-05-25,9,28.727,36.325
2026-05-25,10,5.0,7.9
2026-05-25,11,-0.14,1.85
2026-05-25,12,-1.083,0.99
2026-05-25,13,-2.002,-0.007
2026-05-25,14,-2.1,-0.055
2026-05-25,15,-2.1,0.0
2026-05-25,16,-1.915,-0.297
2026-05-25,17,-0.725,0.777
2026-05-25,18,-0.007,1.46
2026-05-25,19,4.54,8.275
2026-05-25,20,39.625,35.328
2026-05-25,21,88.11,83.11
2026-05-25,22,108.095,103.98
2026-05-25,23,108.653,97.178
2026-05-25,24,89.96,79.927
2026-05-26,1,93.007,113.188
2026-05-26,2,87.265,109.17
2026-05-26,3,82.42,103.495
2026-05-26,4,81.88,92.02
2026-05-26,5,81.82,90.817
2026-05-26,6,83.525,95.135
2026-05-26,7,104.235,111.465
2026-05-26,8,105.585,112.855
2026-05-26,9,77.853,81.947
2026-05-26,10,19.975,47.975
2026-05-26,11,1.2,27.543
2026-05-26,12,0.0,13.595
2026-05-26,13,-0.01,4.242
2026-05-26,14,-0.06,4.44
2026-05-26,15,-0.01,2.823
2026-05-26,16,-0.01,5.095
2026-05-26,17,0.003,5.002
2026-05-26,18,0.84,32.61
2026-05-26,19,16.295,44.465
2026-05-26,20,64.515,64.987
2026-05-26,21,118.232,123.468
2026-05-26,22,151.207,156.825
2026-05-26,23,149.99,152.657
2026-05-26,24,129.493,129.985
2026-05-27,1,134.02,124.31
2026-05-27,2,124.438,119.5
2026-05-27,3,114.032,111.83
2026-05-27,4,110.105,106.57
2026-05-27,5,109.407,106.627
2026-05-27,6,111.977,108.72
2026-05-27,7,122.373,117.555
2026-05-27,8,124.29,120.26
2026-05-27,9,103.005,102.302
2026-05-27,10,40.297,51.113
2026-05-27,11,3.96,15.11
2026-05-27,12,0.28,9.332
2026-05-27,13,0.0,8.078
2026-05-27,14,-0.005,6.705
2026-05-27,15,-0.007,7.502
2026-05-27,16,0.003,7.468
2026-05-27,17,0.34,11.088
2026-05-27,18,2.715,33.157
2026-05-27,19,25.825,51.065
2026-05-27,20,69.39,74.845
2026-05-27,21,119.155,121.685
2026-05-27,22,142.603,142.6
2026-05-27,23,136.275,137.623
2026-05-27,24,120.13,123.528
2026-05-28,1,109.97,118.698
2026-05-28,2,107.45,113.115
2026-05-28,3,104.382,112.275
2026-05-28,4,104.358,115.72
2026-05-28,5,106.0,111.567
2026-05-28,6,113.752,111.52
2026-05-28,7,126.895,121.897
2026-05-28,8,122.632,118.55
2026-05-28,9,104.15,106.523
2026-05-28,10,52.718,62.57
2026-05-28,11,14.193,28.657
2026-05-28,12,0.568,7.838
2026-05-28,13,0.01,4.418
2026-05-28,14,0.005,2.635
2026-05-28,15,0.007,2.578
2026-05-28,16,0.425,6.603
2026-05-28,17,2.188,22.115
2026-05-28,18,14.605,37.555
2026-05-28,19,47.055,66.23
2026-05-28,20,89.115,95.028
2026-05-28,21,129.333,113.608
2026-05-28,22,159.6,152.6
2026-05-28,23,155.215,149.493
2026-05-28,24,134.982,128.78
2026-05-29,1,132.61,128.94
2026-05-29,2,125.735,115.43
2026-05-29,3,120.672,112.43
2026-05-29,4,114.84,115.595
2026-05-29,5,111.192,121.34
2026-05-29,6,117.845,127.295
2026-05-29,7,126.36,133.25
2026-05-29,8,125.995,137.745
2026-05-29,9,108.58,114.507
2026-05-29,10,61.7,53.237
2026-05-29,11,15.915,21.433
2026-05-29,12,2.29,12.428
2026-05-29,13,0.545,11.35
2026-05-29,14,0.198,6.438
2026-05-29,15,0.84,10.31
2026-05-29,16,1.455,11.662
2026-05-29,17,7.707,22.203
2026-05-29,18,26.953,26.938
2026-05-29,19,62.828,65.315
2026-05-29,20,93.933,93.922
2026-05-29,21,121.82,114.72
2026-05-29,22,150.195,155.74
2026-05-29,23,152.447,156.572
2026-05-29,24,127.612,118.938
2026-05-30,1,123.305,122.278
2026-05-30,2,111.862,111.71
2026-05-30,3,107.123,111.093
2026-05-30,4,104.86,111.263
2026-05-30,5,114.7,118.308
2026-05-30,6,115.338,118.0
2026-05-30,7,111.2,114.442
2026-05-30,8,102.977,109.55
2026-05-30,9,61.683,66.92
2026-05-30,10,20.302,38.835
2026-05-30,11,2.462,7.987
2026-05-30,12,0.003,0.2
2026-05-30,13,0.0,0.0
2026-05-30,14,-0.033,-0.033
2026-05-30,15,-0.105,-0.105
2026-05-30,16,-0.003,-0.003
2026-05-30,17,0.338,1.585
2026-05-30,18,2.43,24.625
2026-05-30,19,23.405,52.172
2026-05-30,20,65.618,92.32
2026-05-30,21,96.775,108.84
2026-05-30,22,109.043,116.993
2026-05-30,23,114.49,116.585
2026-05-30,24,107.9,109.08
2026-05-31,1,100.472,101.922
2026-05-31,2,93.405,100.47
2026-05-31,3,80.18,92.695
2026-05-31,4,83.0,95.578
2026-05-31,5,72.995,92.933
2026-05-31,6,72.89,94.45
2026-05-31,7,80.578,98.803
2026-05-31,8,68.53,84.638
2026-05-31,9,20.582,14.38
2026-05-31,10,2.252,-0.05
2026-05-31,11,0.0,0.0
2026-05-31,12,-0.003,-0.038
2026-05-31,13,-0.01,0.445
2026-05-31,14,-0.01,0.018
2026-05-31,15,-0.02,0.178
2026-05-31,16,-0.347,-0.08
2026-05-31,17,-0.02,0.07
2026-05-31,18,-0.005,0.67
2026-05-31,19,3.875,6.973
2026-05-31,20,31.907,37.392
2026-05-31,21,65.495,89.145
2026-05-31,22,98.865,105.71
2026-05-31,23,101.653,107.29
2026-05-31,24,91.502,103.28
2026-06-01,1,100.002,82.252
2026-06-01,2,93.495,65.242
2026-06-01,3,92.14,70.0
2026-06-01,4,93.72,68.412
2026-06-01,5,96.058,67.168
2026-06-01,6,102.0,67.755
2026-06-01,7,113.8,83.972
2026-06-01,8,122.58,107.58
2026-06-01,9,100.132,109.54
2026-06-01,10,44.14,34.27
2026-06-01,11,18.77,23.32
2026-06-01,12,11.027,28.433
2026-06-01,13,9.13,35.0
2026-06-01,14,2.045,21.723
2026-06-01,15,1.938,16.992
2026-06-01,16,1.272,13.2
2026-06-01,17,2.085,15.29
2026-06-01,18,13.867,32.47
2026-06-01,19,39.93,50.962
2026-06-01,20,84.388,87.94
2026-06-01,21,118.505,115.147
2026-06-01,22,138.347,135.375
2026-06-01,23,145.28,133.505
2026-06-01,24,127.785,120.808
2026-06-02,1,116.138,121.195
2026-06-02,2,100.05,107.115
2026-06-02,3,101.64,108.002
2026-06-02,4,94.645,97.395
2026-06-02,5,93.12,99.19
2026-06-02,6,93.71,98.51
2026-06-02,7,98.727,105.832
2026-06-02,8,93.73,103.743
2026-06-02,9,69.62,67.017
2026-06-02,10,29.157,19.453
2026-06-02,11,2.595,0.275
2026-06-02,12,0.13,-1.475
2026-06-02,13,0.0,0.0
2026-06-02,14,-0.01,0.215
2026-06-02,15,-0.01,0.005
2026-06-02,16,-0.02,-0.003
2026-06-02,17,-0.083,-0.048
2026-06-02,18,-0.01,0.0
2026-06-02,19,0.502,0.512
2026-06-02,20,7.833,12.695
2026-06-02,21,54.365,71.957
2026-06-02,22,91.987,107.565
2026-06-02,23,93.09,106.815
2026-06-02,24,85.023,102.023
2026-06-03,1,96.055,106.725
2026-06-03,2,91.705,104.415
2026-06-03,3,90.51,100.84
2026-06-03,4,89.94,100.36
2026-06-03,5,90.24,100.57
2026-06-03,6,91.525,102.51
2026-06-03,7,100.597,108.498
2026-06-03,8,106.392,111.388
2026-06-03,9,44.12,79.45
2026-06-03,10,1.495,52.163
2026-06-03,11,1.735,46.862
2026-06-03,12,1.225,25.102
2026-06-03,13,0.978,5.978
2026-06-03,14,0.475,4.475
2026-06-03,15,-0.003,4.998
2026-06-03,16,-0.06,4.94
2026-06-03,17,-0.1,4.9
2026-06-03,18,-0.005,5.1
2026-06-03,19,1.15,8.105
2026-06-03,20,34.05,49.847
2026-06-03,21,110.37,115.37
2026-06-03,22,135.218,144.593
2026-06-03,23,134.502,134.625
2026-06-03,24,125.808,130.808
2026-06-04,1,129.835,108.865
2026-06-04,2,122.037,115.343
2026-06-04,3,113.66,113.347
2026-06-04,4,106.438,106.567
2026-06-04,5,99.662,96.627
2026-06-04,6,103.14,101.478
2026-06-04,7,119.95,114.888
2026-06-04,8,120.02,119.465
2026-06-04,9,73.773,66.567
2026-06-04,10,13.842,18.335
2026-06-04,11,0.128,-4.535
2026-06-04,12,-0.003,-2.225
2026-06-04,13,-0.003,1.245
2026-06-04,14,-0.01,2.725
2026-06-04,15,-0.022,1.542
2026-06-04,16,-0.473,0.84
2026-06-04,17,-0.217,0.21
2026-06-04,18,-0.01,5.508
2026-06-04,19,0.125,1.188
2026-06-04,20,1.99,11.45
2026-06-04,21,55.385,66.985
2026-06-04,22,94.665,108.627
2026-06-04,23,94.567,107.513
2026-06-04,24,86.422,100.097
2026-06-05,1,88.252,83.157
2026-06-05,2,88.38,76.588
2026-06-05,3,88.38,69.16
2026-06-05,4,88.48,69.24
2026-06-05,5,88.62,64.05
2026-06-05,6,90.108,49.8
2026-06-05,7,95.362,52.432
2026-06-05,8,98.642,65.683
2026-06-05,9,58.99,64.428
2026-06-05,10,19.543,25.023
2026-06-05,11,3.292,6.213
2026-06-05,12,1.877,7.705
2026-06-05,13,2.083,10.19
2026-06-05,14,1.198,6.723
2026-06-05,15,0.997,6.03
2026-06-05,16,0.617,2.58
2026-06-05,17,0.715,3.397
2026-06-05,18,8.508,14.508
2026-06-05,19,21.648,27.828
2026-06-05,20,67.51,47.688
2026-06-05,21,102.995,104.498
2026-06-05,22,119.54,124.54
2026-06-05,23,128.343,133.343
2026-06-05,24,123.115,126.29
2026-06-06,1,119.675,127.95
2026-06-06,2,103.38,121.825
2026-06-06,3,99.752,115.09
2026-06-06,4,99.4,113.838
2026-06-06,5,99.67,114.875
2026-06-06,6,100.0,113.067
2026-06-06,7,104.93,119.18
2026-06-06,8,98.21,111.0
2026-06-06,9,79.61,90.65
2026-06-06,10,22.45,36.523
2026-06-06,11,1.552,8.223
2026-06-06,12,1.302,5.995
2026-06-06,13,1.01,4.17
2026-06-06,14,0.962,2.692
2026-06-06,15,0.285,0.0
2026-06-06,16,0.31,-0.07
2026-06-06,17,0.31,0.0
2026-06-06,18,0.26,0.21
2026-06-06,19,0.89,2.695
2026-06-06,20,15.975,32.517
2026-06-06,21,80.9,86.922
2026-06-06,22,106.62,122.755
2026-06-06,23,101.707,112.188
2026-06-06,24,97.733,103.305
2026-06-07,1,98.21,100.058
2026-06-07,2,94.183,102.985
2026-06-07,3,94.73,104.142
2026-06-07,4,95.112,105.062
2026-06-07,5,96.377,104.638
2026-06-07,6,97.335,107.823
2026-06-07,7,99.48,106.032
2026-06-07,8,86.085,74.96
2026-06-07,9,25.075,25.655
2026-06-07,10,0.73,17.225
2026-06-07,11,0.6,3.425
2026-06-07,12,0.47,2.305
2026-06-07,13,0.34,2.47
2026-06-07,14,0.16,1.897
2026-06-07,15,0.0,0.45
2026-06-07,16,-0.752,-0.495
2026-06-07,17,-1.25,-1.208
2026-06-07,18,-0.652,-1.895
2026-06-07,19,0.575,0.33
2026-06-07,20,30.605,26.707
2026-06-07,21,87.495,81.06
2026-06-07,22,115.79,120.403
2026-06-07,23,123.795,130.16
2026-06-07,24,114.18,113.838
2026-06-08,1,106.993,95.02
2026-06-08,2,97.498,72.24
2026-06-08,3,93.698,69.338
2026-06-08,4,93.805,73.847
2026-06-08,5,94.002,85.25
2026-06-08,6,96.35,96.22
2026-06-08,7,108.88,113.293
2026-06-08,8,106.123,116.37
2026-06-08,9,79.93,77.3
2026-06-08,10,49.28,48.625
2026-06-08,11,26.197,23.07
2026-06-08,12,14.992,25.97
2026-06-08,13,9.105,28.37
2026-06-08,14,2.618,21.747
2026-06-08,15,1.12,5.76
2026-06-08,16,0.13,0.11
2026-06-08,17,0.003,0.02
2026-06-08,18,1.035,1.145
2026-06-08,19,7.582,11.22
2026-06-08,20,32.457,39.345
2026-06-08,21,66.458,72.065
2026-06-08,22,112.14,124.845
2026-06-08,23,104.175,115.293
2026-06-08,24,89.415,101.192
2026-06-09,1,92.537,74.535
2026-06-09,2,85.877,62.6
2026-06-09,3,85.0,60.925
2026-06-09,4,85.0,60.695
2026-06-09,5,84.765,62.62
2026-06-09,6,85.34,65.188
2026-06-09,7,98.037,85.49
2026-06-09,8,96.507,71.523
2026-06-09,9,44.005,52.502
2026-06-09,10,3.862,10.295
2026-06-09,11,1.405,1.397
2026-06-09,12,1.812,1.802
2026-06-09,13,2.127,2.49
2026-06-09,14,1.103,1.345
2026-06-09,15,0.273,0.273
2026-06-09,16,0.0,-1.297
2026-06-09,17,-0.013,-0.003
2026-06-09,18,-0.003,-0.38
2026-06-09,19,4.933,-2.908
2026-06-09,20,31.613,25.79
2026-06-09,21,80.697,71.345
2026-06-09,22,125.51,115.95
2026-06-09,23,117.678,114.672
2026-06-09,24,98.812,97.332
2026-06-10,1,80.525,89.41
2026-06-10,2,76.12,83.13
2026-06-10,3,65.78,73.457
2026-06-10,4,61.605,64.248
2026-06-10,5,59.415,56.665
2026-06-10,6,64.955,71.05
2026-06-10,7,80.52,88.968
2026-06-10,8,77.375,81.787
2026-06-10,9,45.47,43.925
2026-06-10,10,4.497,28.66
2026-06-10,11,-0.003,7.485
2026-06-10,12,-0.01,36.998
2026-06-10,13,-0.01,20.7
2026-06-10,14,-0.015,12.88
2026-06-10,15,-0.087,9.963
2026-06-10,16,-0.58,6.737
2026-06-10,17,-0.45,7.152
2026-06-10,18,-0.02,8.775
2026-06-10,19,0.21,8.093
2026-06-10,20,12.19,40.903
2026-06-10,21,54.76,73.338
2026-06-10,22,93.233,109.74
2026-06-10,23,85.945,101.315
2026-06-10,24,73.525,85.507
2026-06-11,1,59.023,46.297
2026-06-11,2,52.725,27.502
2026-06-11,3,40.84,26.683
2026-06-11,4,40.935,21.293
2026-06-11,5,42.625,15.735
2026-06-11,6,48.47,14.857
2026-06-11,7,62.002,20.532
2026-06-11,8,63.752,42.487
2026-06-11,9,23.66,19.235
2026-06-11,10,1.613,4.71
2026-06-11,11,1.333,4.39
2026-06-11,12,-0.007,3.23
2026-06-11,13,-0.01,2.885
2026-06-11,14,-0.01,2.13
2026-06-11,15,-0.01,3.263
2026-06-11,16,0.0,3.65
2026-06-11,17,0.278,3.928
2026-06-11,18,1.347,4.66
2026-06-11,19,4.14,10.92
2026-06-11,20,21.968,19.07
2026-06-11,21,73.075,40.918
2026-06-11,22,116.715,96.938
2026-06-11,23,105.785,80.83
2026-06-11,24,83.612,44.73
2026-06-12,1,35.54,16.727
2026-06-12,2,27.422,9.658
2026-06-12,3,21.81,7.667
2026-06-12,4,21.875,6.21
2026-06-12,5,21.94,6.21
2026-06-12,6,24.255,6.56
2026-06-12,7,46.96,23.48
2026-06-12,8,51.865,34.307
2026-06-12,9,18.387,20.99
2026-06-12,10,0.207,2.402
2026-06-12,11,-0.005,1.535
2026-06-12,12,-0.01,0.752
2026-06-12,13,-0.01,1.688
2026-06-12,14,-0.01,1.823
2026-06-12,15,-0.01,3.093
2026-06-12,16,1.008,6.21
2026-06-12,17,1.135,8.76
2026-06-12,18,1.41,9.61
2026-06-12,19,5.08,6.21
2026-06-12,20,29.727,27.29
2026-06-12,21,79.93,79.142
2026-06-12,22,113.088,114.64
2026-06-12,23,111.207,111.282
2026-06-12,24,100.007,99.382
2026-06-13,1,103.185,108.1
2026-06-13,2,92.035,93.292
2026-06-13,3,69.41,83.172
2026-06-13,4,53.885,63.53
2026-06-13,5,52.172,59.11
2026-06-13,6,64.653,73.987
2026-06-13,7,89.297,90.395
2026-06-13,8,68.718,62.675
2026-06-13,9,13.547,33.617
2026-06-13,10,-0.13,8.665
2026-06-13,11,-0.49,4.98
2026-06-13,12,0.0,13.24
2026-06-13,13,0.0,13.24
2026-06-13,14,-0.49,12.75
2026-06-13,15,-0.49,7.98
2026-06-13,16,-1.0,6.485
2026-06-13,17,-0.617,5.86
2026-06-13,18,-0.407,7.755
2026-06-13,19,1.93,16.483
2026-06-13,20,33.84,49.14
2026-06-13,21,85.76,86.062
2026-06-13,22,123.865,120.017
2026-06-13,23,128.55,120.425
2026-06-13,24,117.772,108.532
2026-06-14,1,119.448,113.955
2026-06-14,2,111.905,111.615
2026-06-14,3,107.16,110.605
2026-06-14,4,103.057,109.925
2026-06-14,5,102.75,110.24
2026-06-14,6,103.028,110.405
2026-06-14,7,109.755,111.562
2026-06-14,8,97.19,99.355
2026-06-14,9,25.33,49.273
2026-06-14,10,0.085,11.07
2026-06-14,11,-0.828,6.603
2026-06-14,12,-0.392,11.777
2026-06-14,13,-0.49,10.495
2026-06-14,14,-0.49,11.68
2026-06-14,15,-1.578,4.027
2026-06-14,16,-2.0,-0.76
2026-06-14,17,-1.23,-0.065
2026-06-14,18,-0.342,4.47
2026-06-14,19,6.3,15.617
2026-06-14,20,64.422,72.225
2026-06-14,21,109.517,114.945
2026-06-14,22,131.595,140.735
2026-06-14,23,137.43,138.21
2026-06-14,24,134.875,125.05
2026-06-15,1,127.92,129.602
2026-06-15,2,125.045,120.968
2026-06-15,3,120.267,122.675
2026-06-15,4,119.83,122.38
2026-06-15,5,120.392,120.45
2026-06-15,6,125.045,116.938
2026-06-15,7,135.34,129.892
2026-06-15,8,134.97,131.55
2026-06-15,9,115.105,108.72
2026-06-15,10,71.278,87.608
2026-06-15,11,25.01,41.32
2026-06-15,12,3.47,11.963
2026-06-15,13,1.038,10.547
2026-06-15,14,0.84,9.232
2026-06-15,15,0.958,9.435
2026-06-15,16,1.035,9.995
2026-06-15,17,9.037,21.36
2026-06-15,18,40.195,56.445
2026-06-15,19,91.858,93.62
2026-06-15,20,127.905,121.702
2026-06-15,21,149.507,153.99
2026-06-15,22,158.595,161.675
2026-06-15,23,156.477,152.255
2026-06-15,24,144.977,133.99
2026-06-16,1,130.657,130.67
2026-06-16,2,129.92,118.89
2026-06-16,3,122.387,113.983
2026-06-16,4,121.797,110.082
2026-06-16,5,121.87,111.315
2026-06-16,6,121.64,112.718
2026-06-16,7,131.34,126.35
2026-06-16,8,131.695,131.8
2026-06-16,9,125.302,124.12
2026-06-16,10,93.685,101.82
2026-06-16,11,65.88,97.302
2026-06-16,12,46.825,78.34
2026-06-16,13,36.907,75.725
2026-06-16,14,22.707,41.315
2026-06-16,15,23.75,33.642
2026-06-16,16,32.112,51.01
2026-06-16,17,46.175,70.0
2026-06-16,18,64.498,74.5
2026-06-16,19,98.873,82.062
2026-06-16,20,115.265,104.32
2026-06-16,21,133.373,133.838
2026-06-16,22,149.898,154.45
2026-06-16,23,153.23,153.613
2026-06-16,24,139.495,143.175
2026-06-17,1,132.903,140.85
2026-06-17,2,126.69,129.67
2026-06-17,3,124.597,134.597
2026-06-17,4,122.873,139.13
2026-06-17,5,121.005,136.882
2026-06-17,6,123.65,137.127
2026-06-17,7,125.817,136.812
2026-06-17,8,122.165,139.435
2026-06-17,9,104.65,113.072
2026-06-17,10,79.215,93.97
2026-06-17,11,61.83,73.26
2026-06-17,12,48.02,60.19
2026-06-17,13,61.815,73.985
2026-06-17,14,55.907,68.067
2026-06-17,15,51.252,62.873
2026-06-17,16,39.977,51.218
2026-06-17,17,49.635,59.005
2026-06-17,18,66.69,75.34
2026-06-17,19,77.547,88.955
2026-06-17,20,100.942,105.762
2026-06-17,21,135.02,133.778
2026-06-17,22,150.993,152.4
2026-06-17,23,151.49,149.74
2026-06-17,24,134.13,133.457
2026-06-18,1,125.222,134.375
2026-06-18,2,118.433,122.183
2026-06-18,3,120.35,125.698
2026-06-18,4,119.15,121.465
2026-06-18,5,122.8,121.847
2026-06-18,6,125.422,120.838
2026-06-18,7,129.423,129.8
2026-06-18,8,127.552,128.805
2026-06-18,9,116.537,108.125
2026-06-18,10,95.15,98.03
2026-06-18,11,79.142,87.132
2026-06-18,12,71.03,73.507
2026-06-18,13,50.75,53.26
2026-06-18,14,27.003,29.012
2026-06-18,15,20.655,22.665
2026-06-18,16,25.568,27.95
2026-06-18,17,47.657,49.54
2026-06-18,18,72.325,73.795
2026-06-18,19,81.067,79.442
2026-06-18,20,114.89,91.612
2026-06-18,21,127.335,130.58
2026-06-18,22,133.222,141.0
2026-06-18,23,138.9,144.088
2026-06-18,24,128.37,135.743
2026-06-19,1,123.948,124.438
2026-06-19,2,119.645,126.645
2026-06-19,3,120.64,124.515
2026-06-19,4,119.98,122.955
2026-06-19,5,119.98,120.565
2026-06-19,6,120.52,113.84
2026-06-19,7,125.153,124.588
2026-06-19,8,122.33,125.532
2026-06-19,9,105.707,105.51
2026-06-19,10,85.4,86.512
2026-06-19,11,79.195,81.27
2026-06-19,12,70.885,73.953
2026-06-19,13,50.255,54.255
2026-06-19,14,37.587,41.337
2026-06-19,15,27.01,30.01
2026-06-19,16,3.58,7.58
2026-06-19,17,23.23,26.98
2026-06-19,18,61.138,65.002
2026-06-19,19,77.888,79.3
2026-06-19,20,107.625,110.067
2026-06-19,21,128.653,128.998
2026-06-19,22,142.215,140.343
2026-06-19,23,148.468,139.67
2026-06-19,24,135.213,130.06
2026-06-20,1,123.925,113.713
2026-06-20,2,120.953,111.16
2026-06-20,3,118.6,109.203
2026-06-20,4,116.383,107.153
2026-06-20,5,114.775,110.315
2026-06-20,6,111.44,109.375
2026-06-20,7,113.912,108.903
2026-06-20,8,108.935,95.185
2026-06-20,9,74.705,72.43
2026-06-20,10,25.235,26.36
2026-06-20,11,1.307,2.035
2026-06-20,12,6.68,15.648
2026-06-20,13,5.58,12.235
2026-06-20,14,2.27,6.775
2026-06-20,15,1.455,2.428
2026-06-20,16,-0.007,-0.83
2026-06-20,17,-0.005,0.0
2026-06-20,18,0.272,0.857
2026-06-20,19,2.737,11.143
2026-06-20,20,75.308,74.407
2026-06-20,21,110.06,106.015
2026-06-20,22,123.08,131.935
2026-06-20,23,129.077,132.635
2026-06-20,24,121.847,125.703
2026-06-21,1,118.355,113.58
2026-06-21,2,114.213,112.91
2026-06-21,3,107.388,106.252
2026-06-21,4,103.12,97.358
2026-06-21,5,93.028,91.29
2026-06-21,6,92.46,87.797
2026-06-21,7,91.483,84.493
2026-06-21,8,66.635,49.8
2026-06-21,9,19.95,13.96
2026-06-21,10,0.212,0.458
2026-06-21,11,-0.003,0.71
2026-06-21,12,-0.005,0.0
2026-06-21,13,-0.075,-0.018
2026-06-21,14,-0.432,0.0
2026-06-21,15,-0.768,-0.133
2026-06-21,16,-0.81,-0.58
2026-06-21,17,-0.565,-0.02
2026-06-21,18,-0.007,0.05
2026-06-21,19,1.127,2.34
2026-06-21,20,53.25,61.995
2026-06-21,21,106.915,100.3
2026-06-21,22,131.355,129.885
2026-06-21,23,139.287,137.4
2026-06-21,24,127.438,121.205
2026-06-22,1,119.002,129.21
2026-06-22,2,115.6,125.892
2026-06-22,3,103.927,120.095
2026-06-22,4,93.12,115.97
2026-06-22,5,91.907,113.02
2026-06-22,6,101.58,109.808
2026-06-22,7,117.535,118.0
2026-06-22,8,126.933,129.762
2026-06-22,9,117.59,115.53
2026-06-22,10,96.703,98.938
2026-06-22,11,78.023,83.245
2026-06-22,12,57.303,59.65
2026-06-22,13,39.517,59.48
2026-06-22,14,32.36,48.75
2026-06-22,15,45.06,70.14
2026-06-22,16,49.74,81.57
2026-06-22,17,67.25,93.45
2026-06-22,18,81.118,94.368
2026-06-22,19,94.18,60.635
2026-06-22,20,122.705,82.472
2026-06-22,21,154.298,126.583
2026-06-22,22,177.0,172.6
2026-06-22,23,171.243,168.023
2026-06-22,24,143.553,141.678
2026-06-23,1,140.002,151.262
2026-06-23,2,128.975,133.327
2026-06-23,3,120.002,123.82
2026-06-23,4,115.215,119.287
2026-06-23,5,115.0,118.3
2026-06-23,6,120.0,119.858
2026-06-23,7,131.493,127.28
2026-06-23,8,134.048,135.0
2026-06-23,9,120.975,111.507
2026-06-23,10,110.468,91.18
2026-06-23,11,94.05,100.765
2026-06-23,12,78.935,100.097
2026-06-23,13,73.78,95.445
2026-06-23,14,72.07,92.74
2026-06-23,15,76.685,96.612
2026-06-23,16,76.315,94.638
2026-06-23,17,79.355,89.365
2026-06-23,18,85.528,93.593
2026-06-23,19,89.312,82.09
2026-06-23,20,105.407,105.153
2026-06-23,21,135.278,128.705
2026-06-23,22,175.088,166.245
2026-06-23,23,174.765,143.428
2026-06-23,24,145.373,128.83
2026-06-24,1,136.69,132.04
2026-06-24,2,128.648,112.483
2026-06-24,3,127.705,111.58
2026-06-24,4,128.08,113.205
2026-06-24,5,123.43,110.175
2026-06-24,6,127.175,111.085
2026-06-24,7,128.31,112.19
2026-06-24,8,125.123,115.495
2026-06-24,9,114.075,101.305
2026-06-24,10,85.692,84.947
2026-06-24,11,71.148,91.38
2026-06-24,12,70.028,95.558
2026-06-24,13,43.108,45.47
2026-06-24,14,36.355,36.43
2026-06-24,15,32.593,34.68
2026-06-24,16,31.355,38.355
2026-06-24,17,47.245,51.623
2026-06-24,18,56.537,69.15
2026-06-24,19,66.14,67.517
2026-06-24,20,91.515,75.69
2026-06-24,21,115.483,109.88
2026-06-24,22,137.192,133.95
2026-06-24,23,141.417,137.327
2026-06-24,24,128.532,123.308
2026-06-25,1,128.815,122.575
2026-06-25,2,127.07,111.69
2026-06-25,3,117.15,117.248
2026-06-25,4,115.96,116.873
2026-06-25,5,115.78,117.078
2026-06-25,6,115.463,115.493
2026-06-25,7,118.52,122.078
2026-06-25,8,119.605,125.075
2026-06-25,9,106.495,101.115
2026-06-25,10,88.948,74.98
2026-06-25,11,64.42,49.608
2026-06-25,12,27.197,47.98
2026-06-25,13,7.205,2.515
2026-06-25,14,2.13,2.135
2026-06-25,15,1.415,1.53
2026-06-25,16,1.163,1.045
2026-06-25,17,3.025,0.397
2026-06-25,18,14.28,27.68
2026-06-25,19,38.66,69.703
2026-06-25,20,68.48,89.2
2026-06-25,21,113.72,120.33
2026-06-25,22,135.118,152.29
2026-06-25,23,147.812,153.09
2026-06-25,24,131.085,137.053
2026-06-26,1,123.773,117.593
2026-06-26,2,121.275,119.562
2026-06-26,3,120.657,116.082
2026-06-26,4,118.192,117.96
2026-06-26,5,117.08,117.255
2026-06-26,6,119.358,117.215
2026-06-26,7,125.47,128.5
2026-06-26,8,129.998,137.178
2026-06-26,9,118.435,116.072
2026-06-26,10,94.188,78.84
2026-06-26,11,72.507,102.853
2026-06-26,12,55.157,90.655
2026-06-26,13,30.66,76.138
2026-06-26,14,17.948,67.38
2026-06-26,15,8.852,65.078
2026-06-26,16,3.933,62.163
2026-06-26,17,8.445,68.282
2026-06-26,18,28.385,82.605
2026-06-26,19,52.195,90.138
2026-06-26,20,85.308,103.345
2026-06-26,21,116.095,118.627
2026-06-26,22,144.733,158.282
2026-06-26,23,148.493,151.105
2026-06-26,24,138.847,123.718
2026-06-27,1,131.593,130.995
2026-06-27,2,124.782,131.398
2026-06-27,3,119.172,124.495
2026-06-27,4,118.293,121.428
2026-06-27,5,119.295,121.297
2026-06-27,6,119.225,120.4
2026-06-27,7,119.04,119.373
2026-06-27,8,110.825,113.938
2026-06-27,9,95.3,106.685
2026-06-27,10,42.998,71.86
2026-06-27,11,6.388,19.835
2026-06-27,12,0.003,-1.377
2026-06-27,13,0.0,-2.905
2026-06-27,14,0.0,-3.882
2026-06-27,15,-0.003,-5.475
2026-06-27,16,-0.01,-0.525
2026-06-27,17,-0.005,-3.68
2026-06-27,18,0.128,-1.735
2026-06-27,19,3.415,0.712
2026-06-27,20,42.972,28.938
2026-06-27,21,109.707,108.442
2026-06-27,22,133.43,144.757
2026-06-27,23,152.298,140.562
2026-06-27,24,135.79,139.877
2026-06-28,1,122.157,119.093
2026-06-28,2,122.328,110.287
2026-06-28,3,119.683,105.7
2026-06-28,4,115.688,103.1
2026-06-28,5,114.735,105.02
2026-06-28,6,115.123,106.498
2026-06-28,7,115.035,107.017
2026-06-28,8,104.43,90.578
2026-06-28,9,76.685,63.925
2026-06-28,10,28.137,44.778
2026-06-28,11,2.36,15.863
2026-06-28,12,0.133,1.593
2026-06-28,13,0.0,0.502
2026-06-28,14,0.0,-0.68
2026-06-28,15,0.0,-2.335
2026-06-28,16,0.0,-0.45
2026-06-28,17,0.0,3.585
2026-06-28,18,0.453,13.175
2026-06-28,19,9.538,69.582
2026-06-28,20,54.532,70.16
2026-06-28,21,108.14,102.983
2026-06-28,22,125.695,130.0
2026-06-28,23,134.097,133.97
2026-06-28,24,126.105,121.903
2026-06-29,1,122.87,109.765
2026-06-29,2,113.665,114.575
2026-06-29,3,112.368,104.428
2026-06-29,4,107.332,88.13
2026-06-29,5,99.868,92.1
2026-06-29,6,104.868,74.672
2026-06-29,7,112.515,78.8
2026-06-29,8,113.968,89.545
2026-06-29,9,84.72,56.498
2026-06-29,10,37.288,48.403
2026-06-29,11,10.887,43.545
2026-06-29,12,5.095,34.63
2026-06-29,13,10.398,43.057
2026-06-29,14,37.627,74.752
2026-06-29,15,47.385,88.0
2026-06-29,16,52.7,88.89
2026-06-29,17,62.37,86.352
2026-06-29,18,67.463,89.023
2026-06-29,19,76.115,64.388
2026-06-29,20,94.072,59.308
2026-06-29,21,115.172,110.942
2026-06-29,22,144.963,119.11
2026-06-29,23,142.845,132.145
2026-06-29,24,127.733,105.708
2026-06-30,1,120.808,121.68
2026-06-30,2,118.868,122.18
2026-06-30,3,116.59,120.358
2026-06-30,4,115.263,115.487
2026-06-30,5,116.112,117.707
2026-06-30,6,118.785,120.02
2026-06-30,7,125.655,121.06
2026-06-30,8,133.875,134.125
2026-06-30,9,123.745,109.602
2026-06-30,10,88.045,93.708
2026-06-30,11,67.585,86.535
2026-06-30,12,63.62,72.755
2026-06-30,13,60.297,72.555
2026-06-30,14,60.23,71.59
2026-06-30,15,60.052,72.188
2026-06-30,16,55.0,62.82
2026-06-30,17,58.81,60.06
2026-06-30,18,62.695,63.375
2026-06-30,19,54.883,50.938
2026-06-30,20,65.8,75.703
2026-06-30,21,112.773,115.99
2026-06-30,22,133.89,142.132
2026-06-30,23,131.343,136.55
2026-06-30,24,123.795,129.803
